hotspot_id,source_type,source_district,latitude,longitude,geohash7,geohash8,dong,address_road,address_jibun,address_raw,cctv_count,install_years,cctv_type,relocation_history
bupyeong_wydj5j5q_001,district_file,bupyeong,37.4699291,126.6988679,wydj5j5,wydj5j5q,십정2동,백범로 478번길 19,,"백범로478번길 19 (일산슈퍼 앞, 석정공원 코너)",1,[2009],fixed,"[{'date': '2016.10.26.', 'note': '이전'}]"
bupyeong_wydj5j88_001,district_file,bupyeong,37.4716378,126.6950319,wydj5j8,wydj5j88,십정1동,,십정동 356-6,십정동 356-6 (방죽놀이공원 코너),1,[2007],fixed,"[{'date': '2017.12.15.', 'note': '이전'}]"
bupyeong_wydj5jbz_001,district_file,bupyeong,37.4742233,126.6953734,wydj5jb,wydj5jbz,십정1동,배곶로 69번길 10,,배곶로69번길 10,1,[2008],fixed,"[{'date': '2021.08.06.', 'note': '이전'}]"
bupyeong_wydj5jf5_001,district_file,bupyeong,37.4735749,126.6971221,wydj5jf,wydj5jf5,십정2동,배곶북로 14-1,,배곶북로 14-1,1,[2009],fixed,"[{'date': '2011.05.04.', 'note': '이전'}]"
bupyeong_wydj5mc0_001,district_file,bupyeong,37.4731185,126.7068801,wydj5mc,wydj5mc0,십정2동,아트센터로 74번길 78,,아트센터로74번길 78 (에덴빌라 B동 옆),1,[2008],fixed,"[{'date': '2009.06.26.', 'note': '이전'}]"
bupyeong_wydj5n0g_001,district_file,bupyeong,37.4750517,126.6954593,wydj5n0,wydj5n0g,십정1동,배곶로 79-1,,배곶로 79-1 (꿈나무어린이집 앞),3,[2008],fixed,"[{'date': '2011.05.04.', 'note': '이전'}]"
bupyeong_wydj5phc_001,district_file,bupyeong,37.4800831,126.7008938,wydj5ph,wydj5phc,십정1동,이규보로 61번길 45,,이규보로61번길 45,1,[2009],fixed,"[{'date': '2020.12.18.', 'note': '이전'}]"
bupyeong_wydj5r5v_001,district_file,bupyeong,37.4808022,126.7107704,wydj5r5,wydj5r5v,부평3동,백운로 6번길 2,,백운로6번길 2,1,[2006],fixed,"[{'date': '2020.12.18.', 'note': '이전'}]"
bupyeong_wydj5r6r_001,district_file,bupyeong,37.4826,126.7086014,wydj5r6,wydj5r6r,부평3동,마장로 43,,마장로 43,1,[2008],fixed,"[{'date': '2020.12.18.', 'note': '이전'}]"
bupyeong_wydj5rq6_001,district_file,bupyeong,37.4817306,126.7140623,wydj5rq,wydj5rq6,부평2동,경인로 818번길 21,,경인로818번길 21 (보성빌라 A동 앞),1,[2008],fixed,"[{'date': '2012.03.31.', 'note': '이전'}]"
bupyeong_wydj6vvp_001,district_file,bupyeong,37.5181974,126.6902896,wydj6vv,wydj6vvp,청천1동,세월천로 201,,세월천로 201,1,[2008],fixed,"[{'date': '2018.08.20.', 'note': '이전'}]"
bupyeong_wydj77wj_001,district_file,bupyeong,37.5055095,126.7137698,wydj77w,wydj77wj,청천2동,원길로 21번길 11,,원길로21번길 11,1,[2009],fixed,"[{'date': '2020.12.18.', 'note': '이전'}]"
bupyeong_wydj7824_001,district_file,bupyeong,37.4872051,126.7164554,wydj782,wydj7824,부평2동,안남로 16번길 31,,안남로16번길 31,1,[2018],fixed,
bupyeong_wydj7854_001,district_file,bupyeong,37.4857145,126.7205125,wydj785,wydj7854,부평2동,경인로 902번길 12,,경인로902번길 12 (파라다이스맨션 옆),1,[2008],fixed,"[{'date': '2015.12.17.', 'note': '이전'}]"
bupyeong_wydj7869_001,district_file,bupyeong,37.4869664,126.7199343,wydj786,wydj7869,부평2동,남부역로 5번길 46,,남부역로5번길 46,1,[2018],fixed,
bupyeong_wydj786k_001,district_file,bupyeong,37.4875327,126.7195814,wydj786,wydj786k,부평2동,경인로 911번길 39,,경인로911번길 39(삼거리 한전 전봇대 왼편),1,[2008],fixed,"[{'date': '2022.11.17.', 'note': '이전'}]"
bupyeong_wydj78d1_001,district_file,bupyeong,37.4883326,126.7190832,wydj78d,wydj78d1,부평2동,부영로 28번길 31-7,,부영로28번길 31-7(보라케슬 앞),1,[2018],fixed,
bupyeong_wydj78x5_001,district_file,bupyeong,37.488671,126.7262277,wydj78x,wydj78x5,부평6동,동수북로 182,,동수북로 182 (한가네손칼국수),1,[2013],fixed,"[{'date': '2015.12.17.', 'note': '이전'}]"
bupyeong_wydj7947_001,district_file,bupyeong,37.4914553,126.7196557,wydj794,wydj7947,부평1동,,부평동 341-137,부평동 341-137 (우주렌터카 부평점 옆),1,[2004],fixed,"[{'date': '2021.08.06.', 'note': '이전'}]"
bupyeong_wydj79vk_001,district_file,bupyeong,37.4956996,126.7237786,wydj79v,wydj79vk,부평4동,주부토로 6,,주부토로 6 (엡스 201담장 건너편 라임호텔 코너),1,[2009],fixed,"[{'date': '2013.11.24.', 'note': '이전'}]"
bupyeong_wydj7b68_001,district_file,bupyeong,37.4868248,126.7307514,wydj7b6,wydj7b68,부평6동,경인로 1002번길 6,,경인로1002번길 6,1,[2012],fixed,"[{'date': '2021.08.06.', 'note': '이전'}]"
bupyeong_wydj7crw_001,district_file,bupyeong,37.4932758,126.7376426,wydj7cr,wydj7crw,부개2동,부평문화로 194번길 10,,부평문화로194번길 10,1,[2004],fixed,"[{'date': '2018.08.20.', 'note': '이전'}]"
bupyeong_wydj7des_001,district_file,bupyeong,37.4999095,126.7212357,wydj7de,wydj7des,부평1동,부흥로 267번길 25,,부흥로267번길 25(CU편의점 앞),1,[2007],fixed,"[{'date': '2013.11.24.', 'note': '이전'}]"
bupyeong_wydj7f2m_001,district_file,bupyeong,37.4986203,126.727664,wydj7f2,wydj7f2m,부평4동,부흥로 323,,부흥로 323 (부평4동성당 코너),1,[2009],fixed,
bupyeong_wydj7fu5_001,district_file,bupyeong,37.501014,126.7329451,wydj7fu,wydj7fu5,부평5동,부흥북로 95,,부흥북로 95,1,[2005],fixed,"[{'date': '2020.12.18.', 'note': '이전'}]"
bupyeong_wydj7fup_001,district_file,bupyeong,37.5016852,126.7329524,wydj7fu,wydj7fup,부평5동,부흥북로 95번길 16,,부흥북로95번길 16,1,[2004],fixed,"[{'date': '2021.08.06.', 'note': '이전'}]"
bupyeong_wydj7fy4_001,district_file,bupyeong,37.5008973,126.7355609,wydj7fy,wydj7fy4,부개3동,부흥북로 119,,부흥북로 119,1,[2007],fixed,"[{'date': '2018.08.20.', 'note': '이전'}]"
bupyeong_wydj7g7x_001,district_file,bupyeong,37.5045054,126.7323677,wydj7g7,wydj7g7x,부평5동,,부평동 10-766,부평동 10-766,1,[2008],fixed,"[{'date': '2021.08.06.', 'note': '이전'}]"
bupyeong_wydj7he1_001,district_file,bupyeong,37.5104118,126.6987823,wydj7he,wydj7he1,산곡1동,산청로 17번길 43-8,,산청로17번길 43-8,1,[2009],fixed,"[{'date': '2017.12.15.', 'note': '이전'}]"
bupyeong_wydj7heb_001,district_file,bupyeong,37.5101223,126.6996733,wydj7he,wydj7heb,산곡1동,길주로 341번길 23,,길주로341번길 23 (세원하이츠빌라 1동),1,[2010],fixed,"[{'date': '2015.12.17.', 'note': '이전'}]"
bupyeong_wydj7j68_001,district_file,bupyeong,37.5142425,126.6977719,wydj7j6,wydj7j68,청천1동,세월천로 105-2,,세월천로 105-2 (그린파크빌 102동 앞),1,[2008],fixed,"[{'date': '2017.12.15.', 'note': '이전'}]"
bupyeong_wydj7k8x_001,district_file,bupyeong,37.511317,126.7063307,wydj7k8,wydj7k8x,청천2동,세월천로 25번길 32,,세월천로25번길 32 (남인천슈퍼 앞),1,[2013],fixed,"[{'date': '2016.10.26.', 'note': '이전'}]"
bupyeong_wydj7n98_001,district_file,bupyeong,37.5211622,126.6967026,wydj7n9,wydj7n98,청천1동,평천로 41,,평천로 41,1,[2009],fixed,"[{'date': '2020.12.18.', 'note': '이전'}]"
bupyeong_wydj7spk_001,district_file,bupyeong,37.50817869999999,126.7265939,wydj7sp,wydj7spk,갈산2동,주부토로 146번길 13-1,,주부토로146번길 13-1 (마당놀이공원 앞),1,[2004],fixed,"[{'date': '2014.10.08.', 'note': '이전'}]"
bupyeong_wydj7u4d_001,district_file,bupyeong,37.5077686,126.7307868,wydj7u4,wydj7u4d,갈산2동,장제로 249번길 9,,장제로249번길 9 (대갈놀이공원 앞),1,[2004],fixed,"[{'date': '2008.11.17.', 'note': '이전'}]"
bupyeong_wydj7y1s_001,district_file,bupyeong,37.5190561,126.7293644,wydj7y1,wydj7y1s,갈산1동,주부토로 262번길 19-54,,주부토로262번길 19-54 (다우빌라 105동 앞),1,[2009],fixed,"[{'date': '2017.12.15.', 'note': '이전'}]"
bupyeong_wydj7yc0_001,district_file,bupyeong,37.5225579,126.7286688,wydj7yc,wydj7yc0,갈산1동,부평북로 318,,부평북로 318,1,[2004],fixed,"[{'date': '2020.12.18.', 'note': '이전'}]"
bupyeong_wydj7ynj_001,district_file,bupyeong,37.51926539999999,126.7358605,wydj7yn,wydj7ynj,삼산1동,충선로 334-7,,충선로 334-7 (창성빌라3차 라동 앞),1,[2004],fixed,"[{'date': '2017.12.15.', 'note': '이전'}]"
bupyeong_wydjhp67_001,district_file,bupyeong,37.4817824,126.7416759,wydjhp6,wydjhp67,일신동,,일신동 175-23,일신동 175-23 (항동공원 앞),1,[2004],fixed,"[{'date': '2008.11.17.', 'note': '이전'}]"
bupyeong_wydjhpg8_001,district_file,bupyeong,37.4840969,126.7433924,wydjhpg,wydjhpg8,일신동,경인로 1118번길 28-1,,경인로1118번길 28-1 (풍림아파트 앞),1,[2008],fixed,
bupyeong_wydjkn1s_001,district_file,bupyeong,37.519158,126.7404864,wydjkn1,wydjkn1s,삼산1동,대보로 24번길 21,,대보로24번길 21,1,[2008],fixed,"[{'date': '2018.08.20.', 'note': '이전'}]"
bupyeong_wydjknqv_001,district_file,bupyeong,37.5206295,126.7476978,wydjknq,wydjknqv,삼산1동,영성로 78,,영성로 78,1,[2011],fixed,"[{'date': '2020.02.10.', 'note': '이전'}]"
donggu_wydj1rd1_001,district_file,donggu,37.48285430000001,126.6202773,wydj1rd,wydj1rd1,만석동,어촌로 17,,어촌로 17,1,,unknown,
donggu_wydj1rkd_001,district_file,donggu,37.4817415,126.6237093,wydj1rk,wydj1rkd,만석동,,만석동 67-1,"만석동 67-1 ( 만석로 36번길 4, 동아원 담장 인근 )",1,,unknown,
donggu_wydj1rpb_001,district_file,donggu,37.4799593,126.6283439,wydj1rp,wydj1rpb,화수1·화평동,,화수동 287-35,"화수동 287-35( 운교로 11, 뽀뽀애견샵 앞)",1,,unknown,
donggu_wydj1rqd_001,district_file,donggu,37.4815851,126.6265253,wydj1rq,wydj1rqd,만석동,,만석동 26-2,"만석동 26-2 ( 석수로 56, 삼화제분 정문 옆 )",1,,unknown,
donggu_wydj1rum_001,district_file,donggu,37.4849655,126.623493,wydj1ru,wydj1rum,만석동,,만석동 16-22,"만석동 16-22 ( 제물량로 385번길 46, 진천 순대 앞 )",1,,unknown,
donggu_wydj1rwd_001,district_file,donggu,37.4829621,126.626639,wydj1rw,wydj1rwd,만석동,,만석동 21-81,"만석동 21-81 ( 화도진로 137, 이현우 메디칼 앞 )",1,,unknown,
donggu_wydj1rzu_001,district_file,donggu,37.4847042,126.6284162,wydj1rz,wydj1rzu,화수2동,,화수동 11-6,화수동 11-6 ( 제물량로 412 태광 빌라 앞 ),1,,unknown,
donggu_wydj1trk_001,district_file,donggu,37.4710409,126.6384572,wydj1tr,wydj1trk,금창동,,창영동 22-8,창영동 22-8 ( 민방위 교육장 앞 ),1,,unknown,
donggu_wydj1txm_001,district_file,donggu,37.4725741,126.6384854,wydj1tx,wydj1txm,금창동,,금곡동 29-6,"금곡동 29-6 ( 서해대로 526-1, 주차장 옆 )",1,,unknown,
donggu_wydj1txx_001,district_file,donggu,37.4729624,126.6387938,wydj1tx,wydj1txx,금창동,,금곡동 33-89,금곡동 33-89 ( 금곡동 공영 주차장 앞 ),1,,unknown,
donggu_wydj1tzc_001,district_file,donggu,37.4732938,126.6391963,wydj1tz,wydj1tzc,송림1동,,송림동 231-2,"송림동 231-2 ( 금곡로 31-1, 크로바 완구 옆 )",1,,unknown,
donggu_wydj1vdm_001,district_file,donggu,37.4724998,126.6427494,wydj1vd,wydj1vdm,금창동,,금곡동 69-28,"금곡동 69-28 ( 샛골로 113번길 23, 초록 아트빌 앞 )",1,,unknown,
donggu_wydj1ve7_001,district_file,donggu,37.4722279,126.6439139,wydj1ve,wydj1ve7,금창동,,송림동 68-19,송림동 68-19 (늘푸른 가전 앞),1,,unknown,
donggu_wydj1vg9_001,district_file,donggu,37.4732864,126.644381,wydj1vg,wydj1vg9,송림3·5동,금곡로 79,,금곡로 79 (부락호프 앞),1,,unknown,
donggu_wydj1vhw_001,district_file,donggu,37.4700099,126.645723,wydj1vh,wydj1vhw,송림3·5동,,송림동 92-102,"송림동 92-102 ( 우각로 151, 쉼터 앞 )",1,,unknown,
donggu_wydj1vut_001,district_file,donggu,37.4739603,126.6456147,wydj1vu,wydj1vut,송림3·5동,,송림동 67-4,"송림동 67-4 ( 금곡로 91번길 2, 새마을 금고 옆 )",1,,unknown,
donggu_wydj1wcb_001,district_file,donggu,37.4784948,126.630997,wydj1wc,wydj1wcb,화수1·화평동,,화평동 372,"화평동 372 ( 화도진로 75, GS 편의점 앞 )",1,,unknown,
donggu_wydj1wg6_001,district_file,donggu,37.4789942,126.6328822,wydj1wg,wydj1wg6,화수2동,송화로28번길,,송화로28번길 (일억원에서 수문통 방향),1,,unknown,['2020.7']
donggu_wydj1wg8_001,district_file,donggu,37.4785361,126.6334449,wydj1wg,wydj1wg8,송현1·2동,,송현동 67-2,"송현동 67-2 ( 수문통로 26, CU 편의점 옆 )",1,,unknown,
donggu_wydj1x05_001,district_file,donggu,37.4804086,126.6286542,wydj1x0,wydj1x05,화수1·화평동,,화수동 287-105,화수동 287-105 ( 중구 농협 앞 ),1,,unknown,
donggu_wydj1x1h_001,district_file,donggu,37.4806495,126.6299942,wydj1x1,wydj1x1h,화수1·화평동,,화수동 284-7,"화수동 284-7 ( 화도로 21번길 1, 화도교회 인근 )",1,,unknown,
donggu_wydj1x39_001,district_file,donggu,37.4815555,126.6305679,wydj1x3,wydj1x39,화수1·화평동,화도안로19번길,,화도안로19번길 (새마을회관 맞은편),1,,unknown,['2020.7']
donggu_wydj1x4r_001,district_file,donggu,37.4811901,126.6318426,wydj1x4,wydj1x4r,화수1·화평동,,화수동 278-60,"화수동 278-60 ( 화도진로 88번길 52, 신 한진빌라 옆 )",1,,unknown,
donggu_wydj1x54_001,district_file,donggu,37.480355,126.6326108,wydj1x5,wydj1x54,화수1·화평동,송화로 37,,송화로 37 (정원슈퍼 앞),1,,unknown,['2020.7']
donggu_wydj1x92_001,district_file,donggu,37.4827313,126.6303187,wydj1x9,wydj1x92,화수1·화평동,,화수동 181,화수동 181 ( 성현 아트빌 B동 앞 ),1,,unknown,
donggu_wydj1xc7_001,district_file,donggu,37.4845719,126.6301621,wydj1xc,wydj1xc7,화수2동,,화수동 37-312,"화수동 37-312 ( 화수로 73번길 10-7, 화수2동 주민센터 뒷길 )",1,,unknown,
donggu_wydj1xjg_001,district_file,donggu,37.4804315,126.6363201,wydj1xj,wydj1xjg,송현1·2동,,송현동 58,"송현동 58 ( 화수로 6, 야베스 빌딩 앞 )",1,,unknown,
donggu_wydj1y63_001,district_file,donggu,37.4760525,126.6425764,wydj1y6,wydj1y63,송림2동,,송림동 56-1,"송림동 56-1 ( 솔빛로 82, 키즈 랜드 옆 )",1,,unknown,
donggu_wydj1y6u_001,district_file,donggu,37.4764864,126.6433952,wydj1y6,wydj1y6u,송림2동,,송림동 55-22,"송림동 55-22 ( 솔빛로 91번길 7, 새마을 금고 앞 )",1,,unknown,
donggu_wydj1y99_001,district_file,donggu,37.4773348,126.6417236,wydj1y9,wydj1y99,송림2동,,송림동 142-2,"송림동 142-2 ( 솔빛로 73번길 22, 고려빌라 앞 )",1,,unknown,
donggu_wydj1ydk_001,district_file,donggu,37.4779486,126.6426057,wydj1yd,wydj1ydk,송림2동,,송림동 53-76,"송림동 53-76 ( 안송로 59, 편한가게 앞 )",1,,unknown,
donggu_wydj1yeq_001,district_file,donggu,37.4782764,126.6441182,wydj1ye,wydj1yeq,송림2동,,송림동 124-68,"송림동 124-68 ( 솔빛로 91번길 48, 서흥 초등학교 인근 )",1,,unknown,
donggu_wydj1yf5_001,district_file,donggu,37.4791077,126.6423258,wydj1yf,wydj1yf5,송현3동,송현공원로 68-4,,송현공원로 68-4 (공원입구로쪽),1,,unknown,['2020.7']
donggu_wydj1yf7_001,district_file,donggu,37.4790794,126.6428034,wydj1yf,wydj1yf7,송현3동,,송현동 13-11,"송현동 13-11 ( 안송로 85, 하나상사 앞 )",1,,unknown,
donggu_wydj1yh3_001,district_file,donggu,37.4745903,126.6454564,wydj1yh,wydj1yh3,송림3·5동,,송림동 59-71,"송림동 59-71 ( 동산로 81, 청래옥 앞 )",1,,unknown,
donggu_wydj1yu3_001,district_file,donggu,37.4787341,126.6455354,wydj1yu,wydj1yu3,송림6동,,송림동 35-53,"송림동 35-53 ( 샛골로 184, 주차장 앞 화단 )",1,,unknown,
donggu_wydj1ywf_001,district_file,donggu,37.4775841,126.648795,wydj1yw,wydj1ywf,송림6동,,송림동 42-331,"송림동 42-331 ( 육송로 10번길 12-4, 선경주택 옆 )",1,,unknown,
donggu_wydj1z57_001,district_file,donggu,37.480429,126.6439792,wydj1z5,wydj1z57,송현3동,,송현동 12-61,"송현동 12-61 ( 인중로 646번길 13-2, 일광당 앞 )",1,,unknown,
donggu_wydj1zqv_001,district_file,donggu,37.4821785,126.6488397,wydj1zq,wydj1zqv,송림6동,,송림동 11-52,"송림동 11-52 ( 송미로 25, 오뚜기 상회 옆 )",1,,unknown,
donggu_wydj327b_001,district_file,donggu,37.4868811,126.6227267,wydj327,wydj327b,만석동,,만석동 5-22,"만석동 5-22 ( 인중로 442, 서해빌라 앞 )",1,,unknown,
donggu_wydj32ez_001,district_file,donggu,37.489402,126.622653,wydj32e,wydj32ez,만석동,,만석동 2-386,만석동 2-386 ( 강서 중기 옆 ),1,,unknown,
donggu_wydj3359_001,district_file,donggu,37.491128,126.6222438,wydj335,wydj3359,만석동,,만석동 2-388,"만석동 2-388 ( 만석부두로 41, 덕일 금속 앞 )",1,,unknown,
donggu_wydj386k_001,district_file,donggu,37.487494,126.6315165,wydj386,wydj386k,화수2동,,화수동 7-462,화수동 7-462 ( 화수부두 입구 ),1,,unknown,
donggu_wydj3886_001,district_file,donggu,37.4885766,126.6290315,wydj388,wydj3886,화수2동,,화수동 7-171,"화수동 7-171 ( 화수부두로 47, 화수식품 옆 )",1,,unknown,
donggu_wydj3bqs_001,district_file,donggu,37.4874519,126.6484936,wydj3bq,wydj3bqs,송현3동,,송현동 145,송현동 145 ( 철재 공구 상가 출입구 옆 ),1,,unknown,
donggu_wydj3bry_001,district_file,donggu,37.4877686,126.6501376,wydj3br,wydj3bry,송현3동,,송현동 140-10,"송현동 140-10 ( 방축로 23번길 22, 두산 인천 중기 센터 옆 )",1,,unknown,
donggu_wydj4nf1_001,district_file,donggu,37.478741,126.6532896,wydj4nf,wydj4nf1,송림4동,,송림동 291-6,송림동 291-6 ( 송림 4 어린이 공원 ),1,,unknown,
donggu_wydj4nfe_001,district_file,donggu,37.4790438,126.6540592,wydj4nf,wydj4nfe,송림4동,연송로 7,송림동 291,"연송로 7(우정우드피아 부근) | 송림동 291 ( 연송로 7, 우정 우드 피아 옆 대로 변 )",2,,unknown,
ganghwa_wy9vunb3_001,district_file,ganghwa,37.6106289,126.387279,wy9vunb,wy9vunb3,화도면,,화도면 여차리 923번지,"화도면 여차리 923번지
(웨스트포인트펜션 위) ",1,,unknown,
ganghwa_wy9vv7ze_001,district_file,ganghwa,37.59447780000001,126.451983,wy9vv7z,wy9vv7ze,화도면,,동막리 산37-5,동막리 산37-5(갯벌펜션앞),1,,unknown,
ganghwa_wy9vvefz_001,district_file,ganghwa,37.5951691,126.4564553,wy9vvef,wy9vvefz,화도면,,동막리 60-1,동막리 60-1(공영주차장),1,,unknown,
ganghwa_wy9vvetd_001,district_file,ganghwa,37.5929069,126.460408,wy9vvet,wy9vvetd,화도면,,동막리 4-7,동막리 4-7(포장마차 옆),1,,unknown,
ganghwa_wy9vvhjt_001,district_file,ganghwa,37.5961199,126.4383344,wy9vvhj,wy9vvhjt,화도면,,화도면 동막리 207-5번지,"화도면 동막리 207-5번지
(동막교회 옆, 주택단지 입구) ",1,,unknown,
ganghwa_wy9vvw7f_001,district_file,ganghwa,37.6080327,126.4578538,wy9vvw7,wy9vvw7f,화도면,,화도면 사기리 산 102-2번지,"화도면 사기리 산 102-2번지
(서서갈비 앞) ",1,,unknown,
ganghwa_wy9vyyrh_001,district_file,ganghwa,37.608274,126.5172518,wy9vyyr,wy9vyyrh,길상면,,장흥리 515,"장흥리 515
(카페서온 옆 공터)",1,,unknown,
ganghwa_wy9y5c76_001,district_file,ganghwa,37.6245573,126.3803959,wy9y5c7,wy9y5c76,화도면,,화도면 장화리 1264번지,"화도면 장화리 1264번지
(장화리학생수련원 옆) ",1,,unknown,
ganghwa_wy9y5gsc_001,district_file,ganghwa,37.63663160000001,126.382492,wy9y5gs,wy9y5gsc,화도면,,내리 2073,내리 2073(밝은미래 부동산 옆),1,,unknown,
ganghwa_wy9y7z6d_001,district_file,ganghwa,37.7014721,126.3793039,wy9y7z6,wy9y7z6d,내가면,해안서로 896,,"해안서로 896
(외포2리 마을회관)",1,,unknown,
ganghwa_wy9yekn0_001,district_file,ganghwa,37.7271033,126.3622056,wy9yekn,wy9yekn0,내가면,,구하리830,"구하리830
(구하2리 마을입구)",1,,unknown,
ganghwa_wy9yeqtq_001,district_file,ganghwa,37.741841,126.36128,wy9yeqt,wy9yeqtq,내가면,,구하리 807,"구하리 807
(망월돈대 인근)",1,,unknown,
ganghwa_wy9yg6yu_001,district_file,ganghwa,37.7649218,126.3631956,wy9yg6y,wy9yg6yu,하점면,,창후리 1228,"창후리 1228
(창후리1리 마을회관)",1,,unknown,
ganghwa_wy9yg7d3_001,district_file,ganghwa,37.7685026,126.3570966,wy9yg7d,wy9yg7d3,하점면,,창후리 782-4,"창후리 782-4
(해주병원 앞)",1,,unknown,
ganghwa_wy9ygffe_001,district_file,ganghwa,37.7647006,126.3793681,wy9ygff,wy9ygffe,하점면,,창후리 97-1,"창후리 97-1
(창후2리 마을회관 입구)",1,,unknown,
ganghwa_wy9ygr1k_001,district_file,ganghwa,37.7881706,126.3554787,wy9ygr1,wy9ygr1k,양사면,,인화리 1297,"인화리 1297
(인화리 해나무)",1,,unknown,
ganghwa_wy9ygx34_001,district_file,ganghwa,37.7893521,126.3661896,wy9ygx3,wy9ygx34,양사면,,인화리 779-18,"인화리 779-18
(인화2리 마을회관)",1,,unknown,
ganghwa_wy9yh5yc_001,district_file,ganghwa,37.6379856,126.3961736,wy9yh5y,wy9yh5yc,화도면,,화도면 내리 1657-4번지,"화도면 내리 1657-4번지
(내리몽 펜션 앞) ",1,,unknown,
ganghwa_wy9yhmjg_001,district_file,ganghwa,37.6452514,126.405876,wy9yhmj,wy9yhmjg,화도면,,내리 323-1,"내리 323-1
(1645-18,소루지공원 화장실 옆)",1,,unknown,
ganghwa_wy9yhz1s_001,district_file,ganghwa,37.6564176,126.4219993,wy9yhz1,wy9yhz1s,양도면,,능내리 1037,"능내리 1037
(공숙 마을회관)",1,,unknown,
ganghwa_wy9yjnnh_001,district_file,ganghwa,37.6509559,126.4390503,wy9yjnn,wy9yjnnh,양도면,,조산리 202,"조산리 202
(조산리 동네마당)",1,,unknown,
ganghwa_wy9yjqr2_001,district_file,ganghwa,37.651647,126.4518964,wy9yjqr,wy9yjqr2,양도면,,도장리 863-7,도장리 863-7,1,,unknown,
ganghwa_wy9yk7ms_001,district_file,ganghwa,37.679792,126.4055918,wy9yk7m,wy9yk7ms,양도면,,건평리 950-9,"건평리 950-9
(건평리무더위쉼터)",1,,unknown,
ganghwa_wy9ykrpk_001,district_file,ganghwa,37.7004294,126.4079112,wy9ykrp,wy9ykrpk,양도면,,인산리 1115-8,"인산리 1115-8
(인산2리 게이트볼장 옆)",1,,unknown,
ganghwa_wy9ykzmc_001,district_file,ganghwa,37.7011338,126.4276607,wy9ykzm,wy9ykzmc,양도면,,인산리 191-7,"인산리 191-7
(낭만에코파크 표지판 앞)",1,,unknown,
ganghwa_wy9ymrn4_001,district_file,ganghwa,37.7000155,126.4501192,wy9ymrn,wy9ymrn4,불은면,,삼성리 731-1,"삼성리 731-1
(삼성팰리스)",1,,unknown,
ganghwa_wy9yn5vm_001,district_file,ganghwa,37.6387602,126.4819031,wy9yn5v,wy9yn5vm,길상면,,온수리 414-1,"온수리 414-1
(소담마을 입구)",1,,unknown,
ganghwa_wy9yngq9_001,district_file,ganghwa,37.6352691,126.5168146,wy9yngq,wy9yngq9,길상면,,초지리 367-1,"초지리 367-1
(초지1리 복지회관 입구)",1,,unknown,
ganghwa_wy9ynkhv_001,district_file,ganghwa,37.64009900000001,126.4923587,wy9ynkh,wy9ynkhv,길상면,,온수리 546-34,"온수리 546-34
(온수리터미널 앞)",1,,unknown,
ganghwa_wy9yphck_001,district_file,ganghwa,37.644035,126.5204841,wy9yphc,wy9yphck,길상면,,초지리 119,"장흥리 산30-16 → 초지리 119
(도솔 한옥카페 입구)",1,,unknown,
ganghwa_wy9yq7u9_001,district_file,ganghwa,37.6819678,126.4920439,wy9yq7u,wy9yq7u9,불은면,,두운리 763-1,"두운리 763-1
( 두운2리 노인회관 인근)",1,,unknown,
ganghwa_wy9yq8y6_001,district_file,ganghwa,37.6657591,126.5054427,wy9yq8y,wy9yq8y6,불은면,,넙성리 846,"넙성리 846 
(능곡마을회관 인근)",1,,unknown,
ganghwa_wy9yqc89_001,district_file,ganghwa,37.6697113,126.508338,wy9yqc8,wy9yqc89,불은면,,넙성리 741,"넙성리 741
(넙성리 마을회관 인근)",1,,unknown,
ganghwa_wy9yqe4d_001,district_file,ganghwa,37.67797059999999,126.5002648,wy9yqe4,wy9yqe4d,불은면,,오두리 산34임,"오두리 산34임
(가나안 마을 앞)",1,,unknown,
ganghwa_wy9yqng9_001,district_file,ganghwa,37.698439,126.4795598,wy9yqng,wy9yqng9,불은면,,삼동암리 13-2,"삼동암리 13-2
(벚꽃마을)",1,,unknown,
ganghwa_wy9yqr9n_001,district_file,ganghwa,37.7033637,126.4870358,wy9yqr9,wy9yqr9n,선원면,,금월리 1101,금월리 1101(644-5 맞은편),1,,unknown,
ganghwa_wy9yqt86_001,district_file,ganghwa,37.6918486,126.4972155,wy9yqt8,wy9yqt86,불은면,,고능리 821-2,"고능리 821-2
(아침가리 대피소 앞)",1,,unknown,
ganghwa_wy9ys1tn_001,district_file,ganghwa,37.7144981,126.3937853,wy9ys1t,wy9ys1tn,내가면,,고천리 1230,"고천리 1230
(고천5리 마을회관)",1,,unknown,
ganghwa_wy9ys463_001,district_file,ganghwa,37.7177314,126.3899674,wy9ys46,wy9ys463,내가면,,고천리 920-4,"고천리 920-4
(119센터 앞)",1,,unknown,
ganghwa_wy9ys49z_001,district_file,ganghwa,37.7200716,126.3893672,wy9ys49,wy9ys49z,내가면,,고천리 797-1,"고천리 797-1
(면사무소)",1,,unknown,
ganghwa_wy9ysucw_001,district_file,ganghwa,37.7322709,126.4220157,wy9ysuc,wy9ysucw,내가면,,고천리 121-3,"고천리 121-3
(고천4리 마을회관 인근)",1,,unknown,
ganghwa_wy9yt9s6_001,district_file,ganghwa,37.7136766,126.4587947,wy9yt9s,wy9yt9s6,불은면,,삼성리 3-19,"삼성리 3-19
(삼성1리 마을회관 옆)",1,,unknown,
ganghwa_wy9ytwzv_001,district_file,ganghwa,37.7431474,126.4633154,wy9ytwz,wy9ytwzv,강화읍,,국화리 896-10,"국화리 896-10
(국화저수지 인근)",1,,unknown,
ganghwa_wy9yudpn_001,district_file,ganghwa,37.7612095,126.418376,wy9yudp,wy9yudpn,하점면,,삼거리 835-6,"삼거리 835-6
(삼거1리 마을회관)",1,,unknown,
ganghwa_wy9yug5x_001,district_file,ganghwa,37.7667437,126.4247128,wy9yug5,wy9yug5x,하점면,고려산로 173,,"고려산로 173
(삼거리 743-4,점골고인돌 앞)",1,,unknown,
ganghwa_wy9yuh1c_001,district_file,ganghwa,37.7712881,126.3891651,wy9yuh1,wy9yuh1c,하점면,,이강리 405-1,"이강리 405-1
(이강2리 마을회관 옆)",1,,unknown,
ganghwa_wy9yujmd_001,district_file,ganghwa,37.7782689,126.3943641,wy9yujm,wy9yujmd,하점면,,이강리 158,"이강리 158
(이강3리 마을회관 입구)",1,,unknown,
ganghwa_wy9yumqh_001,district_file,ganghwa,37.7786802,126.4060298,wy9yumq,wy9yumqh,하점면,,신봉리 238-4,"신봉리 238-4
(신봉1리 마을회관)",1,,unknown,
ganghwa_wy9yuyps_001,district_file,ganghwa,37.7827004,126.4300194,wy9yuyp,wy9yuyps,하점면,,장정리 284-25,"장정리 284-25
(해솔마을)",1,,unknown,
ganghwa_wy9yvkuq_001,district_file,ganghwa,37.7763083,126.4478084,wy9yvku,wy9yvkuq,송해면,,상도리 1114,"상도리 1114
(상도2리 마을회관 옆)",1,,unknown,
ganghwa_wy9yvmgv_001,district_file,ganghwa,37.7816052,126.4469787,wy9yvmg,wy9yvmgv,송해면,,상도리 1074-6,"상도리 1074-6
(상도리 1606,대삼빌리지 앞)",1,,unknown,
ganghwa_wy9yvtf8_001,district_file,ganghwa,37.780728,126.4561856,wy9yvtf,wy9yvtf8,송해면,,상도리 1265,"상도리 1265
(상도리 소공원 정자)",1,,unknown,
ganghwa_wy9yvxbe_001,district_file,ganghwa,37.7922341,126.453355,wy9yvxb,wy9yvxbe,송해면,,양오리 645,"양오리 645
(양오2리 마을수로 뒤)",1,,unknown,
ganghwa_wy9yw5uk_001,district_file,ganghwa,37.726396,126.4807112,wy9yw5u,wy9yw5uk,선원면,,창리 633-2,창리 633-2(예림빌라 A동 뒤),1,,unknown,
ganghwa_wy9yw5vs_001,district_file,ganghwa,37.7264588,126.4823842,wy9yw5v,wy9yw5vs,선원면,,창리 567-2,창리 567-2(심도상사 건너),1,,unknown,
ganghwa_wy9yw628_001,district_file,ganghwa,37.7175615,126.486379,wy9yw62,wy9yw628,선원면,,금월리 128-1,금월리 128-1,1,,unknown,
ganghwa_wy9yw6d8_001,district_file,ganghwa,37.7188453,126.489263,wy9yw6d,wy9yw6d8,선원면,,금월리 20-1,금월리 20-1,1,,unknown,
ganghwa_wy9ywe7x_001,district_file,ganghwa,37.7242946,126.5015859,wy9ywe7,wy9ywe7x,선원면,,신정리 442,신정리 442(휴엘팬션 앞),1,,unknown,
ganghwa_wy9ywfem_001,district_file,ganghwa,37.71970049999999,126.5121365,wy9ywfe,wy9ywfem,선원면,,지산리1-5,지산리1-5(팔각정),1,,unknown,
ganghwa_wy9ywj45_001,district_file,ganghwa,37.7331108,126.4775978,wy9ywj4,wy9ywj45,강화읍,,남산리 443-3,"남산리 443-3
(남산유스호스텔 입구 버스정류장)",1,,unknown,
ganghwa_wy9ywjtw_001,district_file,ganghwa,37.736328,126.4823649,wy9ywjt,wy9ywjtw,강화읍,충렬사로 52-2,,"충렬사로 52-2
(코끼리 어린이집 인근)",1,,unknown,
ganghwa_wy9ywm9n_001,district_file,ganghwa,37.7363525,126.4871067,wy9ywm9,wy9ywm9n,강화읍,중앙로74번길 18,,"중앙로74번길 18
(강화장례식장 앞)",1,,unknown,
ganghwa_wy9ywpt2_001,district_file,ganghwa,37.74628209999999,126.4820168,wy9ywpt,wy9ywpt2,강화읍,,강화읍 신문리 694,"강화읍 신문리 694
(동광슈퍼 앞)",1,,unknown,
ganghwa_wy9ywpvt_001,district_file,ganghwa,37.7486004,126.4822324,wy9ywpv,wy9ywpvt,강화읍,강화대로 440 2개,,"강화대로 440
(중앙청과, 삼화폐인트) 2개",1,,unknown,
ganghwa_wy9ywpye_001,district_file,ganghwa,37.7481739,126.4835714,wy9ywpy,wy9ywpye,강화읍,,관청리 500-1,"관청리 500-1
(중앙시장 A동 →주정차단속 카메라 폴대)",1,,unknown,
ganghwa_wy9ywpz4_001,district_file,ganghwa,37.7480883,126.4844321,wy9ywpz,wy9ywpz4,강화읍,,관청리 490-5,"관청리 490-5
(우리은행 앞)",1,,unknown,
ganghwa_wy9ywq8e_001,district_file,ganghwa,37.7414207,126.4863522,wy9ywq8,wy9ywq8e,강화읍,남문로31번길 11,,"남문로31번길 11
(미래지향 후문)",1,,unknown,
ganghwa_wy9ywxuf_001,district_file,ganghwa,37.7479942,126.5033147,wy9ywxu,wy9ywxuf,강화읍,,용정리 506," 용정리 506
(영창빌라)",1,,unknown,
ganghwa_wy9ywxv7_001,district_file,ganghwa,37.74832360000001,126.5038603,wy9ywxv,wy9ywxv7,강화읍,갑룡길 117번길 28-2,," 갑룡길 117번길 28-2
(동경주택11차)",1,,unknown,
ganghwa_wy9ywxx8_001,district_file,ganghwa,37.7462877,126.5070675,wy9ywxx,wy9ywxx8,강화읍,갑룡길 142,," 갑룡길 142
(로덴빌라)",1,,unknown,
ganghwa_wy9ywy26_001,district_file,ganghwa,37.7398625,126.5080491,wy9ywy2,wy9ywy26,강화읍,강화대로 185 ),,"강화대로 185
(현대아파트 건너(두올))",1,,unknown,
ganghwa_wy9ywzf7_001,district_file,ganghwa,37.7481854,126.5109386,wy9ywzf,wy9ywzf7,강화읍,갑룡길 184,," 갑룡길 184
(용정1리 마을회관 앞)",1,,unknown,
ganghwa_wy9yy09e_001,district_file,ganghwa,37.7524087,126.4767388,wy9yy09,wy9yy09e,강화읍,향교길33번길 14,," 향교길33번길 14
(삼성쉐르빌 석축 앞)",1,,unknown,
ganghwa_wy9yy0d2_001,district_file,ganghwa,37.7519069,126.4778518,wy9yy0d,wy9yy0d2,강화읍,,관청리 967-1,북문길67번길12(송악하얀빌) → 관청리 967-1(공무원 관사앞),1,,unknown,
ganghwa_wy9yy0jp_001,district_file,ganghwa,37.7502727,126.4818159,wy9yy0j,wy9yy0jp,강화읍,,관청리 864-2," 강화대로216번길 58 → 관청리 864-2
(동호타운 배출지) → (스터디카페 앞)",1,,unknown,
ganghwa_wy9yy3p7_001,district_file,ganghwa,37.7551379,126.4957072,wy9yy3p,wy9yy3p7,강화읍,,옥림리 453-1," 동문로 181  → 옥림리 453-1
( 장승마을 입구) → (옥림2리 마을회관 앞)",1,,unknown,
ganghwa_wy9yy4dm_001,district_file,ganghwa,37.7637508,126.4777391,wy9yy4d,wy9yy4dm,송해면,,신당리 664,"신당리 664
(신당리 마을회관 옆)",1,,unknown,
ganghwa_wy9yy6bx_001,district_file,ganghwa,37.7654316,126.4864418,wy9yy6b,wy9yy6bx,강화읍,,대산리 1140-10," 국화리 32-2  → 대산리 1140-10
(강화아시아드BMX경기장 앞 → 대산2리 쓰레기배출지)",1,,unknown,
ganghwa_wy9yy6jw_001,district_file,ganghwa,37.761117,126.4933135,wy9yy6j,wy9yy6jw,강화읍,강화산단로250번길 30 길건너 통신주로 변경,," 강화산단로250번길 30   길건너 통신주로 변경
( 일반산업단지 입구)",1,,unknown,
ganghwa_wy9z5b2t_001,district_file,ganghwa,37.7953422,126.3764313,wy9z5b2,wy9z5b2t,양사면,,인화리 229,"인화리 229
(인화1리 마을회관)",1,,unknown,
ganghwa_wy9zh17q_001,district_file,ganghwa,37.8009595,126.3914326,wy9zh17,wy9zh17q,양사면,,교산리 458-7,"교산리 458-7
(교산2리 새마을회관)",1,,unknown,
ganghwa_wy9zh6gy_001,district_file,ganghwa,37.8091138,126.4029267,wy9zh6g,wy9zh6gy,양사면,,북성리 1383-1,"북성리 1383-1
(북성리 동네마당 앞)",1,,unknown,
ganghwa_wy9zhub4_001,district_file,ganghwa,37.81954,126.4197569,wy9zhub,wy9zhub4,양사면,,북성리 1407,"북성리 1407
(전망대 추어탕 인근)",1,,unknown,
ganghwa_wy9zj2m7_001,district_file,ganghwa,37.7949154,126.4491442,wy9zj2m,wy9zj2m7,송해면,,양오리 1051,양오리 1051(마을회관 맞은편),1,,unknown,
ganghwa_wy9zj2tn_001,district_file,ganghwa,37.7967985,126.4487775,wy9zj2t,wy9zj2tn,송해면,,양오리 547-1,"양오리 547-1
(양오2리 앞 버스정류장)",1,,unknown,
ganghwa_wy9zjhjd_001,district_file,ganghwa,37.8154109,126.4384586,wy9zjhj,wy9zjhjd,양사면,,철산리 682,"철산리 682
(철산리 주민대피시설)",1,,unknown,
gyeyang_wydj7p10_001,national_standard,gyeyang,37.523849,126.695763,wydj7p1,wydj7p10,효성동,인천광역시 계양구 새풀로1번길 40 신화빌라 앞,인천광역시 계양구 효성동 602-20 신화빌라 앞,인천광역시 계양구 새풀로1번길 40 신화빌라 앞 | 인천광역시 계양구 효성동 602-20 신화빌라 앞,1,[2014],mobile,
gyeyang_wydj7p1g_001,national_standard,gyeyang,37.524394,126.697051,wydj7p1,wydj7p1g,효성동,인천광역시 계양구 아나지로 56,인천광역시 계양구 효성동 604,인천광역시 계양구 아나지로 56 | 인천광역시 계양구 효성동 604,2,[2019],mobile,
gyeyang_wydj7p7e_001,national_standard,gyeyang,37.52578,126.699401,wydj7p7,wydj7p7e,효성동,인천광역시 계양구 아나지로 75,인천광역시 계양구 효성동 549-2,인천광역시 계양구 아나지로 75 | 인천광역시 계양구 효성동 549-2,1,[2021],mobile,
gyeyang_wydj7pdg_001,national_standard,gyeyang,37.527206,126.698246,wydj7pd,wydj7pdg,효성동,인천광역시 계양구 봉오대로 439,인천광역시 계양구 효성동 623-78,인천광역시 계양구 봉오대로 439 | 인천광역시 계양구 효성동 623-78,2,[2019],mobile,
gyeyang_wydj7pe2_001,national_standard,gyeyang,37.526571,126.698923,wydj7pe,wydj7pe2,효성동,인천광역시 계양구 효서로 30,인천광역시 계양구 효성동 628-3,인천광역시 계양구 효서로 30 | 인천광역시 계양구 효성동 628-3,1,[2020],mobile,
gyeyang_wydj7pmb_001,national_standard,gyeyang,37.525192,126.702327,wydj7pm,wydj7pmb,효성동,인천광역시 계양구 아나지로 88,인천광역시 계양구 효성동 541-1,인천광역시 계양구 아나지로 88 | 인천광역시 계양구 효성동 541-1,1,[2021],mobile,
gyeyang_wydj7pmv_001,national_standard,gyeyang,37.526039,126.70248,wydj7pm,wydj7pmv,효성동,인천광역시 계양구 아나지로 97번길 13,인천광역시 계양구 효성동 547-4,인천광역시 계양구 아나지로 97번길 13 | 인천광역시 계양구 효성동 547-4,1,[2017],mobile,
gyeyang_wydj7pph_001,national_standard,gyeyang,37.524574,126.704232,wydj7pp,wydj7pph,효성동,인천광역시 계양구 마장로517번길 6,인천광역시 계양구 효성동 517-8,인천광역시 계양구 마장로517번길 6 | 인천광역시 계양구 효성동 517-8,1,[2016],mobile,
gyeyang_wydj7pq5_001,national_standard,gyeyang,37.52581,126.70258,wydj7pq,wydj7pq5,효성동,인천광역시 계양구 효성2동 아나지로 97번길 6-1,인천광역시 계양구 효성2동 아나지로 97번길 6-1,인천광역시 계양구 효성2동 아나지로 97번길 6-1 | 인천광역시 계양구 효성2동 아나지로 97번길 6-1,1,[2024],mobile,
gyeyang_wydj7pqy_001,national_standard,gyeyang,37.52633,126.70365,wydj7pq,wydj7pqy,효성동,인천광역시 계양구 효성2동 마장로 537,인천광역시 계양구 효성2동 마장로 537,인천광역시 계양구 효성2동 마장로 537 | 인천광역시 계양구 효성2동 마장로 537,1,[2024],mobile,
gyeyang_wydj7pwm_001,national_standard,gyeyang,37.527539,126.70305,wydj7pw,wydj7pwm,효성동,인천광역시 계양구 효서로 68 굿모닝세탁소 앞,인천광역시 계양구 효성2동 510 재활용동네마당4,인천광역시 계양구 효서로 68 굿모닝세탁소 앞 | 인천광역시 계양구 효성2동 510 재활용동네마당4,3,[2019],mobile,
gyeyang_wydj7pwq_001,national_standard,gyeyang,37.527664,126.703147,wydj7pw,wydj7pwq,효성동,인천광역시 계양구 효서로 68 굿모닝세탁소 앞,인천광역시 계양구 효성동 506 굿모닝세탁소 앞,인천광역시 계양구 효서로 68 굿모닝세탁소 앞 | 인천광역시 계양구 효성동 506 굿모닝세탁소 앞,1,[2013],mobile,
gyeyang_wydj7pxb_001,national_standard,gyeyang,37.52658,126.70527,wydj7px,wydj7pxb,효성동,인천광역시 계양구 효성2동 마장로 551번길,인천광역시 계양구 효성2동 마장로 551번길,인천광역시 계양구 효성2동 마장로 551번길 | 인천광역시 계양구 효성2동 마장로 551번길,1,[2024],mobile,
gyeyang_wydj7pz3_001,national_standard,gyeyang,37.528184,126.704379,wydj7pz,wydj7pz3,효성동,인천광역시 계양구 마장로 599번길 4,인천광역시 계양구 효성1동 578-11 E랜드유치원,인천광역시 계양구 마장로 599번길 4 | 인천광역시 계양구 효성1동 578-11 E랜드유치원,1,[2021],mobile,
gyeyang_wydj7r12_001,national_standard,gyeyang,37.523911,126.707127,wydj7r1,wydj7r12,효성동,인천광역시 계양구 마장로512번길19,인천광역시 계양구 효성동 405-15,인천광역시 계양구 마장로512번길19 | 인천광역시 계양구 효성동 405-15,1,[2017],mobile,
gyeyang_wydj7r16_001,national_standard,gyeyang,37.52415,126.70714,wydj7r1,wydj7r16,효성동,인천광역시 계양구 효성2동 마장로 512번길 19,인천광역시 계양구 효성2동 마장로 512번길 19,인천광역시 계양구 효성2동 마장로 512번길 19 | 인천광역시 계양구 효성2동 마장로 512번길 19,1,[2024],mobile,
gyeyang_wydj7r1u_001,national_standard,gyeyang,37.524564,126.707886,wydj7r1,wydj7r1u,효성동,인천광역시 계양구 아나지로148번길 9,인천광역시 계양구 효성동 336-5,인천광역시 계양구 아나지로148번길 9 | 인천광역시 계양구 효성동 336-5,1,[2022],mobile,
gyeyang_wydj7rcg_001,national_standard,gyeyang,37.528525,126.707824,wydj7rc,wydj7rcg,효성동,인천광역시 계양구 마장로 560번길 10,인천광역시 계양구 효성동 231-4,인천광역시 계양구 마장로 560번길 10 | 인천광역시 계양구 효성동 231-4,1,[2017],mobile,
gyeyang_wydj7rd1_001,national_standard,gyeyang,37.526751,126.708071,wydj7rd,wydj7rd1,효성동,인천광역시 계양구 안남로489번길 11,인천광역시 계양구 효성2동 321 미래골든타운 앞,인천광역시 계양구 안남로489번길 11 | 인천광역시 계양구 효성2동 321 미래골든타운 앞,1,[2021],mobile,
gyeyang_wydj7rdw_001,national_standard,gyeyang,37.52772,126.70896,wydj7rd,wydj7rdw,효성동,인천광역시 계양구 효서로118,인천광역시 계양구 효서로118,인천광역시 계양구 효서로118 | 인천광역시 계양구 효서로118,1,[2024],mobile,
gyeyang_wydj7ref_001,national_standard,gyeyang,37.52696,126.710675,wydj7re,wydj7ref,효성동,인천광역시 계양구 안남로 491,인천광역시 계양구 안남로 491,인천광역시 계양구 안남로 491 | 인천광역시 계양구 안남로 491,1,[2024],mobile,
gyeyang_wydj7rep_001,national_standard,gyeyang,37.527878,126.709456,wydj7re,wydj7rep,효성동,인천광역시 계양구 효서로 123-1 미도아파트,인천광역시 계양구 효성1동 228-2,인천광역시 계양구 효서로 123-1 미도아파트 | 인천광역시 계양구 효성1동 228-2,2,[2021],mobile,
gyeyang_wydj7rft_001,national_standard,gyeyang,37.528937,126.708778,wydj7rf,wydj7rft,효성동,인천광역시 계양구 안남로 519번길 19,인천광역시 계양구 효성동 232-17,인천광역시 계양구 안남로 519번길 19 | 인천광역시 계양구 효성동 232-17 | 인천광역시 계양구 안남로 519번번길 9 | 인천광역시 계양구 효성1동 228-6 재활용동네마당5,4,"[2017, 2019]",mobile,
gyeyang_wydj7rg1_001,national_standard,gyeyang,37.528161,126.709525,wydj7rg,wydj7rg1,효성동,인천광역시 계양구 효서로135번길 123-24,인천광역시 계양구 효성동 232-25 하나로다세대 A동 앞,인천광역시 계양구 효서로135번길 123-24 | 인천광역시 계양구 효성동 232-25 하나로다세대 A동 앞,1,[2021],mobile,
gyeyang_wydj7rjh_001,national_standard,gyeyang,37.524653,126.712467,wydj7rj,wydj7rjh,효성동,인천광역시 계양구 안남로466번길 16,인천광역시 계양구 효성동 305-2,인천광역시 계양구 안남로466번길 16 | 인천광역시 계양구 효성동 305-2,3,[2020],mobile,
gyeyang_wydj7rk9_001,national_standard,gyeyang,37.525436,126.711635,wydj7rk,wydj7rk9,효성동,인천광역시 계양구 아나지로 177-1,인천광역시 계양구 효성동 273-78,인천광역시 계양구 아나지로 177-1 | 인천광역시 계양구 효성동 273-78,2,[2020],mobile,
gyeyang_wydj7rpu_001,national_standard,gyeyang,37.524652,126.716103,wydj7rp,wydj7rpu,효성동,인천광역시 계양구 새벌로 87,인천광역시 계양구 효성동 220-3,인천광역시 계양구 새벌로 87 | 인천광역시 계양구 효성동 220-3,1,[2020],mobile,
gyeyang_wydj7rus_001,national_standard,gyeyang,37.528678,126.711812,wydj7ru,wydj7rus,효성동,인천광역시 계양구 안남로 512,인천광역시 계양구 효성동 246-6,인천광역시 계양구 안남로 512 | 인천광역시 계양구 효성동 246-6,1,[2019],mobile,
gyeyang_wydj7xd1_001,national_standard,gyeyang,37.526882,126.719104,wydj7xd,wydj7xd1,효성동,인천광역시 계양구 새벌로 112번길 17,인천광역시 계양구 효성동 197-9,인천광역시 계양구 새벌로 112번길 17 | 인천광역시 계양구 효성동 197-9,1,[2019],mobile,
gyeyang_wydj7xex_001,national_standard,gyeyang,37.527881,126.721237,wydj7xe,wydj7xex,작전동,인천광역시 계양구 효서로226 현대백화점주차장 옆,인천광역시 계양구 작전동 444-2 현대백화점주차장 옆,인천광역시 계양구 효서로226 현대백화점주차장 옆 | 인천광역시 계양구 작전동 444-2 현대백화점주차장 옆,1,[2016],mobile,
gyeyang_wydj7xrj_001,national_standard,gyeyang,37.526036,126.726034,wydj7xr,wydj7xrj,작전동,인천광역시 계양구 아나지로 307번길 8-1,인천광역시 계양구 작전1동 391-76 대경빌라,인천광역시 계양구 아나지로 307번길 8-1 | 인천광역시 계양구 작전1동 391-76 대경빌라,2,[2017],mobile,
gyeyang_wydj7xvd_001,national_standard,gyeyang,37.528352,126.723933,wydj7xv,wydj7xvd,작전동,인천광역시 계양구 봉오대로 676번길 15,인천광역시 계양구 작전동 868-3,인천광역시 계양구 봉오대로 676번길 15 | 인천광역시 계양구 작전동 868-3,1,[2020],mobile,
gyeyang_wydj7xvv_001,national_standard,gyeyang,37.528919,126.72449,wydj7xv,wydj7xvv,작전동,인천광역시 계양구 봉오대로686번길 12-23,인천광역시 계양구 작전동 868-7,인천광역시 계양구 봉오대로686번길 12-23 | 인천광역시 계양구 작전동 868-7,2,[2016],mobile,
gyeyang_wydj7xwr_001,national_standard,gyeyang,37.5278,126.72499,wydj7xw,wydj7xwr,작전동,인천광역시 계양구 작전동 효서로 260,인천광역시 계양구 작전동 효서로 260,인천광역시 계양구 작전동 효서로 260 | 인천광역시 계양구 작전동 효서로 260,1,[2024],mobile,
gyeyang_wydj7xz2_001,national_standard,gyeyang,37.528078,126.726267,wydj7xz,wydj7xz2,작전동,인천광역시 계양구 아나지로 307번길 25,인천광역시 계양구 작전동 416-1,인천광역시 계양구 아나지로 307번길 25 | 인천광역시 계양구 작전동 416-1,3,[2019],mobile,
gyeyang_wydj7xzs_001,national_standard,gyeyang,37.528678,126.726648,wydj7xz,wydj7xzs,작전동,인천광역시 계양구 봉오대로698번길 13-8,인천광역시 계양구 작전동 870-23 중앙빌라,인천광역시 계양구 봉오대로698번길 13-8 | 인천광역시 계양구 작전동 870-23 중앙빌라,1,[2020],mobile,
gyeyang_wydj7zb3_001,national_standard,gyeyang,37.528219,126.727715,wydj7zb,wydj7zb3,작전동,인천광역시 계양구 주부토로381번길 16,인천광역시 계양구 작전동 871-58,인천광역시 계양구 주부토로381번길 16 | 인천광역시 계양구 작전동 871-58,1,[2020],mobile,
gyeyang_wydj7zfp_001,national_standard,gyeyang,37.529197,126.730337,wydj7zf,wydj7zfp,작전동,인천광역시 계양구 효서로303번길 14 정산빌라 옆,인천광역시 계양구 작전1동 100-3,인천광역시 계양구 효서로303번길 14 정산빌라 옆 | 인천광역시 계양구 작전1동 100-3,1,[2021],mobile,
gyeyang_wydj7zqr_001,national_standard,gyeyang,37.526422,126.736025,wydj7zq,wydj7zqr,작전동,인천광역시 계양구 까치말로 10,인천광역시 계양구 작전동 686,인천광역시 계양구 까치말로 10 | 인천광역시 계양구 작전동 686,1,[2019],mobile,
gyeyang_wydj7zsz_001,national_standard,gyeyang,37.527779,126.734146,wydj7zs,wydj7zsz,작전동,인천광역시 계양구 아나지로375번길 24-1 앞,인천광역시 계양구 작전동 646-15(우주패밀리타운) 앞,인천광역시 계양구 아나지로375번길 24-1 앞 | 인천광역시 계양구 작전동 646-15(우주패밀리타운) 앞,1,[2013],mobile,
gyeyang_wydj7zt6_001,national_standard,gyeyang,37.526952,126.734588,wydj7zt,wydj7zt6,작전동,인천광역시 계양구 까치말로 15번길 15,인천광역시 계양구 작전서운동 696-2 고운어린이집(일신빌라방향),인천광역시 계양구 까치말로 15번길 15 | 인천광역시 계양구 작전서운동 696-2 고운어린이집(일신빌라방향),2,[2021],mobile,
gyeyang_wydj7ztf_001,national_standard,gyeyang,37.526922,126.735215,wydj7zt,wydj7ztf,작전동,"인천광역시 계양구 까치말로15번길 5, 정우그린빌 102동 앞","인천광역시 계양구 작전동 693-5, 정우그린빌 102동 앞","인천광역시 계양구 까치말로15번길 5, 정우그린빌 102동 앞 | 인천광역시 계양구 작전동 693-5, 정우그린빌 102동 앞",1,[2017],mobile,
gyeyang_wydj7zx4_001,national_standard,gyeyang,37.527036,126.737038,wydj7zx,wydj7zx4,작전동,인천광역시 계양구 효서로 364번길,인천광역시 계양구 효서로 364번길,인천광역시 계양구 효서로 364번길 | 인천광역시 계양구 효서로 364번길,1,[2017],mobile,
gyeyang_wydje05m_001,national_standard,gyeyang,37.530246,126.698968,wydje05,wydje05m,효성동,인천광역시 계양구 봉오대로463번길 25,인천광역시 계양구 효성동 산 73-11,인천광역시 계양구 봉오대로463번길 25 | 인천광역시 계양구 효성동 산 73-11,1,[2015],mobile,
gyeyang_wydje23s_001,national_standard,gyeyang,37.531367,126.707666,wydje23,wydje23s,효성동,인천광역시 계양구 봉오대로531번길 7,인천광역시 계양구 효성1동 88 풍산아파트 앞,인천광역시 계양구 봉오대로531번길 7 | 인천광역시 계양구 효성1동 88 풍산아파트 앞,1,[2021],mobile,
gyeyang_wydje23w_001,national_standard,gyeyang,37.531862,126.707652,wydje23,wydje23w,효성동,인천광역시 계양구 안남로551번길 26,인천광역시 계양구 효성동 141-2,인천광역시 계양구 안남로551번길 26 | 인천광역시 계양구 효성동 141-2,1,[2020],mobile,
gyeyang_wydje241_001,national_standard,gyeyang,37.529543,126.708339,wydje24,wydje241,효성동,인천광역시 계양구 봉오대로538번길 10,인천광역시 계양구 효성동 163-9 동서연립 앞,인천광역시 계양구 봉오대로538번길 10 | 인천광역시 계양구 효성동 163-9 동서연립 앞,3,[2016],mobile,
gyeyang_wydje26e_001,national_standard,gyeyang,37.531247,126.708842,wydje26,wydje26e,효성동,인천광역시 계양구 효성1동 봉오대로53번길 4,인천광역시 계양구 효성동 147-3,인천광역시 계양구 효성1동 봉오대로53번길 4 | 인천광역시 계양구 효성동 147-3,1,[2019],mobile,
gyeyang_wydje29e_001,national_standard,gyeyang,37.532659,126.707567,wydje29,wydje29e,효성동,인천광역시 계양구 봉오대로531번길 20,인천광역시 계양구 효성동 89-1,인천광역시 계양구 봉오대로531번길 20 | 인천광역시 계양구 효성동 89-1,1,[2019],mobile,
gyeyang_wydje2d8_001,national_standard,gyeyang,37.532103,126.708883,wydje2d,wydje2d8,효성동,인천광역시 계양구 안남로551번길 14 파인술레 앞,인천광역시 계양구 효성동 82-7 파인술레 앞,인천광역시 계양구 안남로551번길 14 파인술레 앞 | 인천광역시 계양구 효성동 82-7 파인술레 앞,1,[2016],mobile,
gyeyang_wydje2dk_001,national_standard,gyeyang,37.532747,126.708718,wydje2d,wydje2dk,효성동,인천광역시 계양구 봉오대로543번길 21-2,인천광역시 계양구 효성동 44-1,인천광역시 계양구 봉오대로543번길 21-2 | 인천광역시 계양구 효성동 44-1,1,[2021],mobile,
gyeyang_wydje2h0_001,national_standard,gyeyang,37.529355,126.710901,wydje2h,wydje2h0,효성동,인천광역시 계양구 안남로 519번길 2,인천광역시 계양구 효성1동 152-3 All ways편의점앞,인천광역시 계양구 안남로 519번길 2 | 인천광역시 계양구 효성1동 152-3 All ways편의점앞,1,[2021],mobile,
gyeyang_wydje2rv_001,national_standard,gyeyang,37.531631,126.716086,wydje2r,wydje2rv,효성동,인천광역시 계양구 봉오대로601번길 10,인천광역시 계양구 효성동 286-4,인천광역시 계양구 봉오대로601번길 10 | 인천광역시 계양구 효성동 286-4,2,[2021],mobile,
gyeyang_wydje2xk_001,national_standard,gyeyang,37.532848,126.715536,wydje2x,wydje2xk,효성동,인천광역시 계양구 길마로88번길 9 원익그린맨션 앞,인천광역시 계양구 효성동 1-13 원익그린맨션 앞,인천광역시 계양구 길마로88번길 9 원익그린맨션 앞 | 인천광역시 계양구 효성동 1-13 원익그린맨션 앞,1,[2014],mobile,
gyeyang_wydje6ve_001,national_standard,gyeyang,37.544994,126.712988,wydje6v,wydje6ve,계산동,인천광역시 계양구 경명대로955번길,인천광역시 계양구 계산동 763-13,인천광역시 계양구 경명대로955번길 | 인천광역시 계양구 계산동 763-13,1,[2019],mobile,
gyeyang_wydje80e_001,national_standard,gyeyang,37.52988,126.717108,wydje80,wydje80e,효성동,인천광역시 계양구 새벌로 145,인천광역시 계양구 효성1동 290-11,인천광역시 계양구 새벌로 145 | 인천광역시 계양구 효성1동 290-11,1,[2021],mobile,
gyeyang_wydje8me_001,national_standard,gyeyang,37.531274,126.724154,wydje8m,wydje8me,작전동,인천광역시 계양구 봉오대로677번길 5,인천광역시 계양구 작전동 863-21,인천광역시 계양구 봉오대로677번길 5 | 인천광역시 계양구 작전동 863-21,4,[2016],mobile,
gyeyang_wydje8mp_001,national_standard,gyeyang,37.532002,126.723468,wydje8m,wydje8mp,작전동,인천광역시 계양구 작전시장로 8번길 8,인천광역시 계양구 작전동 863-6,인천광역시 계양구 작전시장로 8번길 8 | 인천광역시 계양구 작전동 863-6,2,[2020],mobile,
gyeyang_wydje8n5_001,national_standard,gyeyang,37.529842,126.724595,wydje8n,wydje8n5,작전동,인천광역시 계양구 봉오대로 684,인천광역시 계양구 작전동 867-7,인천광역시 계양구 봉오대로 684 | 인천광역시 계양구 작전동 867-7,1,[2017],mobile,
gyeyang_wydje8q5_001,national_standard,gyeyang,37.53133,126.72473,wydje8q,wydje8q5,작전동,인천광역시 계양구 작전동 봉오대로 677번길 6-9,인천광역시 계양구 작전동 봉오대로 677번길 6-9,인천광역시 계양구 작전동 봉오대로 677번길 6-9 | 인천광역시 계양구 작전동 봉오대로 677번길 6-9,1,[2024],mobile,
gyeyang_wydje8qg_001,national_standard,gyeyang,37.531328,126.725742,wydje8q,wydje8qg,작전동,인천광역시 계양구 봉오대로 691번길 10,인천광역시 계양구 작전동 862-18,인천광역시 계양구 봉오대로 691번길 10 | 인천광역시 계양구 작전동 862-18,1,[2020],mobile,
gyeyang_wydje8se_001,national_standard,gyeyang,37.532559,126.722784,wydje8s,wydje8se,작전동,인천광역시 계양구 계양대로 96,인천광역시 계양구 작전동 863 작전시장 입구 하나정형외과 앞,인천광역시 계양구 계양대로 96 | 인천광역시 계양구 작전동 863 작전시장 입구 하나정형외과 앞,1,[2021],mobile,
gyeyang_wydje8wc_001,national_standard,gyeyang,37.532255,126.725838,wydje8w,wydje8wc,작전동,인천광역시 계양구 봉오대로691번길 16 부호빌라 앞,인천광역시 계양구 작전2동 860-8,인천광역시 계양구 봉오대로691번길 16 부호빌라 앞 | 인천광역시 계양구 작전2동 860-8,2,[2021],mobile,
gyeyang_wydje8wv_001,national_standard,gyeyang,37.532992,126.725778,wydje8w,wydje8wv,작전동,인천광역시 계양구 봉오대로 691번길 26,인천광역시 계양구 작전동 860-3,인천광역시 계양구 봉오대로 691번길 26 | 인천광역시 계양구 작전동 860-3,1,[2017],mobile,
gyeyang_wydje8zh_001,national_standard,gyeyang,37.534177,126.726045,wydje8z,wydje8zh,작전동,인천광역시 계양구 봉오대로 691번길 35,인천광역시 계양구 작전동 856-158,인천광역시 계양구 봉오대로 691번길 35 | 인천광역시 계양구 작전동 856-158,1,[2019],mobile,
gyeyang_wydje972_001,national_standard,gyeyang,37.53627,126.720989,wydje97,wydje972,작전동,인천광역시 계양구 계양대로 139번길 9,인천광역시 계양구 계양대로 139번길 9,인천광역시 계양구 계양대로 139번길 9 | 인천광역시 계양구 계양대로 139번길 9,1,[2024],mobile,
gyeyang_wydje9d9_001,national_standard,gyeyang,37.537854,126.719852,wydje9d,wydje9d9,계산동,인천광역시 계양구 계산로 67,인천광역시 계양구 계산동 970-13,인천광역시 계양구 계산로 67 | 인천광역시 계양구 계산동 970-13,1,[2021],mobile,
gyeyang_wydje9fc_001,national_standard,gyeyang,37.539214,126.720287,wydje9f,wydje9fc,계산동,인천광역시 계양구 향교로 15,인천광역시 계양구 향교로 15,인천광역시 계양구 향교로 15 | 인천광역시 계양구 향교로 15,1,[2024],mobile,
gyeyang_wydje9fs_001,national_standard,gyeyang,37.5397,126.719893,wydje9f,wydje9fs,계산동,인천광역시 계양구 향교로11번길 9,인천광역시 계양구 계산1동 983-8 부평향교 뒤 다세대주택 앞,인천광역시 계양구 향교로11번길 9 | 인천광역시 계양구 계산1동 983-8 부평향교 뒤 다세대주택 앞,1,[2021],mobile,
gyeyang_wydje9jy_001,national_standard,gyeyang,37.535972,126.724278,wydje9j,wydje9jy,작전동,인천광역시 계양구 계산로108번길 15,인천광역시 계양구 작전동 856-3,인천광역시 계양구 계산로108번길 15 | 인천광역시 계양구 작전동 856-3,1,[2020],mobile,
gyeyang_wydje9m1_001,national_standard,gyeyang,37.536339,126.723322,wydje9m,wydje9m1,작전동,인천광역시 계양구 계양대로 140번길 6,인천광역시 계양구 작전동 855-48,인천광역시 계양구 계양대로 140번길 6 | 인천광역시 계양구 작전동 855-48,2,[2020],mobile,
gyeyang_wydje9mr_001,national_standard,gyeyang,37.537453,126.723685,wydje9m,wydje9mr,계산동,인천광역시 계양구 계산동 988-34,인천광역시 계양구 계산동 988-34,인천광역시 계양구 계산동 988-34 | 인천광역시 계양구 계산동 988-34,3,[2023],mobile,
gyeyang_wydje9mx_001,national_standard,gyeyang,37.537419,126.724175,wydje9m,wydje9mx,계산동,인천광역시 계양구 계산로108번길 3-1,인천광역시 계양구 계산동 988-53,인천광역시 계양구 계산로108번길 3-1 | 인천광역시 계양구 계산동 988-53,1,[2020],mobile,
gyeyang_wydje9q7_001,national_standard,gyeyang,37.536803,126.725016,wydje9q,wydje9q7,계산동,인천광역시 계양구 계산로 112번길 4,인천광역시 계양구 계산동 989-14,인천광역시 계양구 계산로 112번길 4 | 인천광역시 계양구 계산동 989-14,1,[2019],mobile,
gyeyang_wydje9qj_001,national_standard,gyeyang,37.537174,126.724847,wydje9q,wydje9qj,계산동,인천광역시 계양구 계산로 112번길 6-1,인천광역시 계양구 계산동 989-11,인천광역시 계양구 계산로 112번길 6-1 | 인천광역시 계양구 계산동 989-11,1,[2019],mobile,
gyeyang_wydje9qq_001,national_standard,gyeyang,37.537337,126.725151,wydje9q,wydje9qq,계산동,인천광역시 계양구 계산로 118 세븐노래방 앞,인천광역시 계양구 계산동 989-32세븐노래방 앞,인천광역시 계양구 계산로 118 세븐노래방 앞 | 인천광역시 계양구 계산동 989-32세븐노래방 앞,1,[2013],mobile,
gyeyang_wydje9wc_001,national_standard,gyeyang,37.537773,126.72568,wydje9w,wydje9wc,계산동,인천광역시 계양구 계산천동로 28,인천광역시 계양구 계산천동로 28,인천광역시 계양구 계산천동로 28 | 인천광역시 계양구 계산천동로 28,1,[2023],mobile,
gyeyang_wydje9x8_001,national_standard,gyeyang,37.537543,126.726774,wydje9x,wydje9x8,계산동,인천광역시 계양구 계산천동로 39,인천광역시 계양구 계산동 964-62,인천광역시 계양구 계산천동로 39 | 인천광역시 계양구 계산동 964-62,1,[2021],mobile,
gyeyang_wydje9y9_001,national_standard,gyeyang,37.539134,126.725451,wydje9y,wydje9y9,계산동,인천광역시 계양구 계산천동로19번길 9,인천광역시 계양구 계산동 962-36,인천광역시 계양구 계산천동로19번길 9 | 인천광역시 계양구 계산동 962-36,1,[2020],mobile,
gyeyang_wydje9yn_001,national_standard,gyeyang,37.540043,126.724838,wydje9y,wydje9yn,계산동,인천광역시 계양구 계산시장길 18-7,인천광역시 계양구 계산동 959-38,인천광역시 계양구 계산시장길 18-7 | 인천광역시 계양구 계산동 959-38,1,[2017],mobile,
gyeyang_wydjeb0g_001,national_standard,gyeyang,37.529971,126.728401,wydjeb0,wydjeb0g,작전동,인천광역시 계양구 주부토로 399 맞은편,인천광역시 계양구 작전동 871-20,인천광역시 계양구 주부토로 399 맞은편 | 인천광역시 계양구 작전동 871-20,2,[2019],mobile,
gyeyang_wydjeb3h_001,national_standard,gyeyang,37.53141,126.728757,wydjeb3,wydjeb3h,작전동,인천광역시 계양구 봉오대로721번길 4,인천광역시 계양구 작전동 237-2,인천광역시 계양구 봉오대로721번길 4 | 인천광역시 계양구 작전동 237-2,2,[2015],mobile,
gyeyang_wydjebev_001,national_standard,gyeyang,37.53295,126.732615,wydjebe,wydjebev,작전동,인천광역시 계양구 봉오대로743번길 29 삼보상가 앞,인천광역시 계양구 작전동 64-1 삼보상가 앞,인천광역시 계양구 봉오대로743번길 29 삼보상가 앞 | 인천광역시 계양구 작전동 64-1 삼보상가 앞,1,[2014],mobile,
gyeyang_wydjebf8_001,national_standard,gyeyang,37.533492,126.730944,wydjebf,wydjebf8,작전동,인천광역시 계양구 주부토로448번길27-1 맞은편 담벼락,인천광역시 계양구 작전동 67-3 맞은편 담벼락,인천광역시 계양구 주부토로448번길27-1 맞은편 담벼락 | 인천광역시 계양구 작전동 67-3 맞은편 담벼락,1,[2017],mobile,
gyeyang_wydjebf9_001,national_standard,gyeyang,37.533697,126.730729,wydjebf,wydjebf9,작전동,인천광역시 계양구 주부토로 448번길 13-25,인천광역시 계양구 작전1동 71-5 재활용동네마당6,인천광역시 계양구 주부토로 448번길 13-25 | 인천광역시 계양구 작전1동 71-5 재활용동네마당6,3,[2019],mobile,
gyeyang_wydjebj9_001,national_standard,gyeyang,37.529491,126.735172,wydjebj,wydjebj9,작전동,인천광역시 계양구 까치말로 41번길 12(작전초 뒤쪽 담벼락),인천광역시 계양구 작전동 921-20 (작전초 뒤쪽 담벼락),인천광역시 계양구 까치말로 41번길 12(작전초 뒤쪽 담벼락) | 인천광역시 계양구 작전동 921-20 (작전초 뒤쪽 담벼락),1,[2017],mobile,
gyeyang_wydjebmk_001,national_standard,gyeyang,37.531403,126.734721,wydjebm,wydjebmk,작전동,인천광역시 계양구 계양문화로 1,인천광역시 계양구 작전동 902,인천광역시 계양구 계양문화로 1 | 인천광역시 계양구 작전동 902,1,[2020],mobile,
gyeyang_wydjebn4_001,national_standard,gyeyang,37.529806,126.735675,wydjebn,wydjebn4,작전동,인천광역시 계양구 까치말로45번길 8,인천광역시 계양구 작전동 922-2,인천광역시 계양구 까치말로45번길 8 | 인천광역시 계양구 작전동 922-2,1,[2020],mobile,
gyeyang_wydjebvh_001,national_standard,gyeyang,37.534137,126.734166,wydjebv,wydjebvh,작전동,인천광역시 계양구 장제로 738,인천광역시 계양구 작전동 899-2,인천광역시 계양구 장제로 738 | 인천광역시 계양구 작전동 899-2,2,[2021],mobile,
gyeyang_wydjebyf_001,national_standard,gyeyang,37.533829,126.736865,wydjeby,wydjebyf,계산동,인천광역시 계양구 오조산로21번길 4,인천광역시 계양구 작전동 908,인천광역시 계양구 오조산로21번길 4 | 인천광역시 계양구 작전동 908,1,[2013],mobile,
gyeyang_wydjec0k_001,national_standard,gyeyang,37.535647,126.727885,wydjec0,wydjec0k,작전동,인천광역시 계양구 주부토로 465,인천광역시 계양구 작전동 857-34,인천광역시 계양구 주부토로 465 | 인천광역시 계양구 작전동 857-34,2,[2021],mobile,
gyeyang_wydjec85_001,national_standard,gyeyang,37.538128,126.727622,wydjec8,wydjec85,계산동,인천광역시 계양구 주부토로 495번길 6-1,인천광역시 계양구 계산1동 964-86 킹스빌라 나동,인천광역시 계양구 주부토로 495번길 6-1 | 인천광역시 계양구 계산1동 964-86 킹스빌라 나동,1,[2021],mobile,
gyeyang_wydjec95_001,national_standard,gyeyang,37.538088,126.728763,wydjec9,wydjec95,계산동,인천광역시 계양구 계산새로5번길 5,인천광역시 계양구 계산동 320-8,인천광역시 계양구 계산새로5번길 5 | 인천광역시 계양구 계산동 320-8,2,[2015],mobile,
gyeyang_wydjeccd_001,national_standard,gyeyang,37.539365,126.7295,wydjecc,wydjeccd,계산동,인천광역시 계양구 주부토로496번길 18 대우카센터,인천광역시 계양구 계산동 334-32  대우카센터,인천광역시 계양구 주부토로496번길 18 대우카센터 | 인천광역시 계양구 계산동 334-32  대우카센터,1,[2013],mobile,
gyeyang_wydjecdj_001,national_standard,gyeyang,37.538527,126.730325,wydjecd,wydjecdj,계산동,인천광역시 계양구 계산새로19번길 8-4 제일그린빌라 앞,인천광역시 계양구 계산동 57-33 제일그린빌라 앞,인천광역시 계양구 계산새로19번길 8-4 제일그린빌라 앞 | 인천광역시 계양구 계산동 57-33 제일그린빌라 앞,1,[2014],mobile,
gyeyang_wydjecfn_001,national_standard,gyeyang,37.539997,126.730118,wydjecf,wydjecfn,계산동,인천광역시 계양구 주부토로514번길,인천광역시 계양구 계산동 334-14,인천광역시 계양구 주부토로514번길 | 인천광역시 계양구 계산동 334-14,2,[2019],mobile,
gyeyang_wydjechd_001,national_standard,gyeyang,37.535283,126.733565,wydjech,wydjechd,계산동,인천광역시 계양구 장제로 755,인천광역시 계양구 계산3동 1071-2,인천광역시 계양구 장제로 755 | 인천광역시 계양구 계산3동 1071-2,2,[2020],mobile,
gyeyang_wydjecjz_001,national_standard,gyeyang,37.536152,126.735231,wydjecj,wydjecjz,계산동,인천광역시 계양구 계양문화로59번길 13,인천광역시 계양구 계산동 1076-1,인천광역시 계양구 계양문화로59번길 13 | 인천광역시 계양구 계산동 1076-1,1,[2020],mobile,
gyeyang_wydjecnb_001,national_standard,gyeyang,37.534868,126.73659,wydjecn,wydjecnb,계산동,인천광역시 계양구 계양문화로 48 뉴월드프라자,인천광역시 계양구 계산동 1082-10 뉴월드프라자,인천광역시 계양구 계양문화로 48 뉴월드프라자 | 인천광역시 계양구 계산동 1082-10 뉴월드프라자,1,[2013],mobile,
gyeyang_wydjecns_001,national_standard,gyeyang,37.535549,126.736371,wydjecn,wydjecns,계산동,인천광역시 계양구 계양문화로 53번길,인천광역시 계양구 계산동 1076-10,인천광역시 계양구 계양문화로 53번길 | 인천광역시 계양구 계산동 1076-10,2,[2019],mobile,
gyeyang_wydjecp6_001,national_standard,gyeyang,37.535213,126.73744,wydjecp,wydjecp6,계산동,인천광역시 계양구 오조산로45번길 12 삼락유황오리 앞,인천광역시 계양구 계산동 1081-4 (유연프라자) 삼락유황오리 앞,인천광역시 계양구 오조산로45번길 12 삼락유황오리 앞 | 인천광역시 계양구 계산동 1081-4 (유연프라자) 삼락유황오리 앞,1,[2013],mobile,
gyeyang_wydjed1n_001,national_standard,gyeyang,37.541478,126.717875,wydjed1,wydjed1n,계산동,인천광역시 계양구 계산로22번길 3,인천광역시 계양구 계산동 765,인천광역시 계양구 계산로22번길 3 | 인천광역시 계양구 계산동 765,2,[2014],mobile,
gyeyang_wydjed4h_001,national_standard,gyeyang,37.541102,126.719261,wydjed4,wydjed4h,계산동,인천광역시 계양구 향교로5번길 30,인천광역시 계양구 계산동 976-28,인천광역시 계양구 향교로5번길 30 | 인천광역시 계양구 계산동 976-28,1,[2022],mobile,
gyeyang_wydjed4r_001,national_standard,gyeyang,37.541629,126.719709,wydjed4,wydjed4r,계산동,인천광역시 계양구 계산로21번길10 한진이발관 앞,인천광역시 계양구 계산동 976-1 한진이발관 앞,인천광역시 계양구 계산로21번길10 한진이발관 앞 | 인천광역시 계양구 계산동 976-1 한진이발관 앞,1,[2017],mobile,
gyeyang_wydjed56_001,national_standard,gyeyang,37.540763,126.72078,wydjed5,wydjed56,계산동,인천광역시 계양구 향교로27번길 9-3,인천광역시 계양구 계산동 975-13,인천광역시 계양구 향교로27번길 9-3 | 인천광역시 계양구 계산동 975-13,1,[2022],mobile,
gyeyang_wydjed5z_001,national_standard,gyeyang,37.541569,126.721639,wydjed5,wydjed5z,계산동,인천광역시 계양구 계양대로205번길 13,인천광역시 계양구 계산동 942-20 신원하이츠맨션 벽체,인천광역시 계양구 계양대로205번길 13 | 인천광역시 계양구 계산동 942-20 신원하이츠맨션 벽체,1,[2019],mobile,
gyeyang_wydjed68_001,national_standard,gyeyang,37.541792,126.72008,wydjed6,wydjed68,계산동,인천광역시 계양구 계산로21번길 13,인천광역시 계양구 계산동 977-22 동양빌라 앞,인천광역시 계양구 계산로21번길 13 | 인천광역시 계양구 계산동 977-22 동양빌라 앞,1,[2019],mobile,
gyeyang_wydjed6n_001,national_standard,gyeyang,37.542786,126.719071,wydjed6,wydjed6n,계산동,인천광역시 계양구 계산천서로 4 영림몰딩 앞,인천광역시 계양구 계산동 978-17 영림몰딩 앞(계산종합목재),인천광역시 계양구 계산천서로 4 영림몰딩 앞 | 인천광역시 계양구 계산동 978-17 영림몰딩 앞(계산종합목재),1,[2016],mobile,
gyeyang_wydjed7c_001,national_standard,gyeyang,37.541923,126.721619,wydjed7,wydjed7c,계산동,인천광역시 계양구 계양대로 205번길 9,인천광역시 계양구 계산1동 940-18 해성하이빌 앞,인천광역시 계양구 계양대로 205번길 9 | 인천광역시 계양구 계산1동 940-18 해성하이빌 앞,1,[2021],mobile,
gyeyang_wydjeddb_001,national_standard,gyeyang,37.543181,126.720192,wydjedd,wydjeddb,계산동,인천광역시 계양구 경명대로1020번길 3,인천광역시 계양구 계산동 939-4,인천광역시 계양구 경명대로1020번길 3 | 인천광역시 계양구 계산동 939-4,2,[2021],mobile,
gyeyang_wydjeddr_001,national_standard,gyeyang,37.544381,126.719478,wydjedd,wydjeddr,계산동,인천광역시 계양구 계양산로 14,인천광역시 계양구 계산동 935-5 신동양아파트 뒤편,인천광역시 계양구 계양산로 14 | 인천광역시 계양구 계산동 935-5 신동양아파트 뒤편,1,[2019],mobile,
gyeyang_wydjeddt_001,national_standard,gyeyang,37.544,126.720006,wydjedd,wydjeddt,계산동,인천광역시 계양구 경명대로 1017번길 3,인천광역시 계양구 경명대로 1017번길 3,인천광역시 계양구 경명대로 1017번길 3 | 인천광역시 계양구 경명대로 1017번길 3,1,[2023],mobile,
gyeyang_wydjedht_001,national_standard,gyeyang,37.541149,126.722564,wydjedh,wydjedht,계산동,인천광역시 계양구 계양대로 193,인천광역시 계양구 계산동 942-24,인천광역시 계양구 계양대로 193 | 인천광역시 계양구 계산동 942-24,2,[2021],mobile,
gyeyang_wydjedmf_001,national_standard,gyeyang,37.54204,126.724515,wydjedm,wydjedmf,계산동,인천광역시 계양구 어사대로 20,인천광역시 계양구 계산1동 945-7 부평초교 담 옆길,인천광역시 계양구 어사대로 20 | 인천광역시 계양구 계산1동 945-7 부평초교 담 옆길,1,[2021],mobile,
gyeyang_wydjedqp_001,national_standard,gyeyang,37.542932,126.724719,wydjedq,wydjedqp,계산동,인천광역시 계양구 어사대로 4,인천광역시 계양구 계산1동 944-12,인천광역시 계양구 어사대로 4 | 인천광역시 계양구 계산1동 944-12,1,[2021],mobile,
gyeyang_wydjedqz_001,national_standard,gyeyang,37.542899,126.725805,wydjedq,wydjedqz,계산동,인천광역시 계양구 주부토로543번길 20,인천광역시 계양구 계산동 945-9,인천광역시 계양구 주부토로543번길 20 | 인천광역시 계양구 계산동 945-9,3,[2015],mobile,
gyeyang_wydjedr3_001,national_standard,gyeyang,37.541857,126.726582,wydjedr,wydjedr3,계산동,인천광역시 계양구 경명대로1078번길 16,인천광역시 계양구 계산동 952-26 빌라 앞,인천광역시 계양구 경명대로1078번길 16 | 인천광역시 계양구 계산동 952-26 빌라 앞,2,[2019],mobile,
gyeyang_wydjedrw_001,national_standard,gyeyang,37.54276,126.726858,wydjedr,wydjedrw,계산동,인천광역시 계양구 주부토로 543번길 11,인천광역시 계양구 계산동 951-34,인천광역시 계양구 주부토로 543번길 11 | 인천광역시 계양구 계산동 951-34,1,[2017],mobile,
gyeyang_wydjeduc_001,national_standard,gyeyang,37.544596,126.723008,wydjedu,wydjeduc,계산동,인천광역시 계양구 930-1,인천광역시 계양구 930-1,인천광역시 계양구 930-1 | 인천광역시 계양구 930-1,1,[2021],mobile,
gyeyang_wydjedyu_001,national_standard,gyeyang,37.545198,126.72559,wydjedy,wydjedyu,계산동,인천광역시 계양구 하느재로20번길 6 황제하우스,인천광역시 계양구 계산동 926-26 황제하우스,인천광역시 계양구 하느재로20번길 6 황제하우스 | 인천광역시 계양구 계산동 926-26 황제하우스,1,[2013],mobile,
gyeyang_wydjedzb_001,national_standard,gyeyang,37.544441,126.727084,wydjedz,wydjedzb,계산동,인천광역시 계양구 경명대로 1079번길 10-1,인천광역시 계양구 계산동 927-19,인천광역시 계양구 경명대로 1079번길 10-1 | 인천광역시 계양구 계산동 927-19,1,[2019],mobile,
gyeyang_wydjedzp_001,national_standard,gyeyang,37.545767,126.725965,wydjedz,wydjedzp,계산동,인천광역시 계양구 하느재로20번길 5-16,인천광역시 계양구 계산동 924-10,인천광역시 계양구 하느재로20번길 5-16 | 인천광역시 계양구 계산동 924-10,1,[2017],mobile,
gyeyang_wydjedzr_001,national_standard,gyeyang,37.545687,126.726588,wydjedz,wydjedzr,계산동,인천광역시 계양구 하느재로20번길 5-26,인천광역시 계양구 계산동 924-20 정수빌라 앞,인천광역시 계양구 하느재로20번길 5-26 | 인천광역시 계양구 계산동 924-20 정수빌라 앞,1,[2019],mobile,
gyeyang_wydjee5t_001,national_standard,gyeyang,37.546649,126.721407,wydjee5,wydjee5t,계산동,인천광역시 계양구 경명대로1029번길 33-1 동남아파트 뒤,인천광역시 계양구 계산동 897-126 동남아파트 뒤,인천광역시 계양구 경명대로1029번길 33-1 동남아파트 뒤 | 인천광역시 계양구 계산동 897-126 동남아파트 뒤,1,[2016],mobile,
gyeyang_wydjeenu_001,national_standard,gyeyang,37.546634,126.725688,wydjeen,wydjeenu,계산동,인천광역시 계양구 계수로5번길 4,인천광역시 계양구 계산동 905-22,인천광역시 계양구 계수로5번길 4 | 인천광역시 계양구 계산동 905-22,1,[2019],mobile,
gyeyang_wydjeep3_001,national_standard,gyeyang,37.546119,126.726531,wydjeep,wydjeep3,계산동,인천광역시 계양구 계수로 16-1,인천광역시 계양구 계산동 925-5,인천광역시 계양구 계수로 16-1 | 인천광역시 계양구 계산동 925-5,2,[2013],mobile,
gyeyang_wydjeepd_001,national_standard,gyeyang,37.546219,126.726722,wydjeep,wydjeepd,계산동,인천광역시 계양구 계수로 16-1 앞 전봇대,인천광역시 계양구 계산동 923-2 앞 전봇대,인천광역시 계양구 계수로 16-1 앞 전봇대 | 인천광역시 계양구 계산동 923-2 앞 전봇대,1,[2014],mobile,
gyeyang_wydjeeqb_001,national_standard,gyeyang,37.547256,126.725845,wydjeeq,wydjeeqb,계산동,인천광역시 계양구 계수로 5번길 12 경로당,인천광역시 계양구 계산동 904 경로당,인천광역시 계양구 계수로 5번길 12 경로당 | 인천광역시 계양구 계산동 904 경로당,1,[2014],mobile,
gyeyang_wydjef0m_001,national_standard,gyeyang,37.541249,126.727672,wydjef0,wydjef0m,계산동,인천광역시 계양구 주부토로529번길 5 진주빌라 앞 공원,인천광역시 계양구 계산동 948 진주빌라 앞 공원,인천광역시 계양구 주부토로529번길 5 진주빌라 앞 공원 | 인천광역시 계양구 계산동 948 진주빌라 앞 공원,2,[2021],mobile,
gyeyang_wydjef88_001,national_standard,gyeyang,37.54313,126.728118,wydjef8,wydjef88,계산동,인천광역시 계양구 계산동 946-6,인천광역시 계양구 계산동 946-6,인천광역시 계양구 계산동 946-6 | 인천광역시 계양구 계산동 946-6,1,[2020],mobile,
gyeyang_wydjefb4_001,national_standard,gyeyang,37.544784,126.727442,wydjefb,wydjefb4,계산동,인천광역시 계양구 하느재로 6번길 30-1,인천광역시 계양구 계산2동 927-13 세븐일레븐 앞(가산빌라),인천광역시 계양구 하느재로 6번길 30-1 | 인천광역시 계양구 계산2동 927-13 세븐일레븐 앞(가산빌라),1,[2017],mobile,
gyeyang_wydjefbj_001,national_standard,gyeyang,37.545272,126.727405,wydjefb,wydjefbj,계산동,인천광역시 계양구 하늘재로 20번길 19,인천광역시 계양구 계산동 924-5,인천광역시 계양구 하늘재로 20번길 19 | 인천광역시 계양구 계산동 924-5,1,[2020],mobile,
gyeyang_wydjefgf_001,national_standard,gyeyang,37.544833,126.732711,wydjefg,wydjefgf,임학동,인천광역시 계양구 임학서로 23,인천광역시 계양구 임학동 44-21,인천광역시 계양구 임학서로 23 | 인천광역시 계양구 임학동 44-21,2,[2020],mobile,
gyeyang_wydjefs5_001,national_standard,gyeyang,37.543707,126.73305,wydjefs,wydjefs5,계산동,인천광역시 계양구 임학서로 15,인천광역시 계양구 계산동 914,인천광역시 계양구 임학서로 15 | 인천광역시 계양구 계산동 914,2,[2019],mobile,
gyeyang_wydjefsv_001,national_standard,gyeyang,37.544028,126.73392,wydjefs,wydjefsv,임학동,인천광역시 계양구 임학서로 3-1,인천광역시 계양구 임학동 71-1 유진갈비앞(용당구장앞),인천광역시 계양구 임학서로 3-1 | 인천광역시 계양구 임학동 71-1 유진갈비앞(용당구장앞),1,[2021],mobile,
gyeyang_wydjefy2_001,national_standard,gyeyang,37.544458,126.736079,wydjefy,wydjefy2,임학동,인천광역시 계양구 임학동로 26-1 임학도서관 앞,인천광역시 계양구 임학동 69-9,인천광역시 계양구 임학동로 26-1 임학도서관 앞 | 인천광역시 계양구 임학동 69-9,2,[2021],mobile,
gyeyang_wydjeg09_001,national_standard,gyeyang,37.546067,126.728058,wydjeg0,wydjeg09,계산동,인천광역시 계양구 계수로 26번길 28,인천광역시 계양구 계산2동 923-25 대명파인빌 2동 앞,인천광역시 계양구 계수로 26번길 28 | 인천광역시 계양구 계산2동 923-25 대명파인빌 2동 앞,1,[2021],mobile,
gyeyang_wydjeg4x_001,national_standard,gyeyang,37.547041,126.730924,wydjeg4,wydjeg4x,임학동,인천광역시 계양구 임학서로 45번길 9,인천광역시 계양구 임학서로 45번길 9,인천광역시 계양구 임학서로 45번길 9 | 인천광역시 계양구 임학서로 45번길 9,2,[2023],mobile,
gyeyang_wydjeg50_001,national_standard,gyeyang,37.54587,126.73167,wydjeg5,wydjeg50,임학동,인천광역시 계양구 임학서로 33-16,인천광역시 계양구 임학서로 33-16,인천광역시 계양구 임학서로 33-16 | 인천광역시 계양구 임학서로 33-16,1,[2024],mobile,
gyeyang_wydjeg56_001,national_standard,gyeyang,37.54625,126.73199,wydjeg5,wydjeg56,임학동,인천광역시 계양구 임학서로 37-39,인천광역시 계양구 임학서로 37-39,인천광역시 계양구 임학서로 37-39 | 인천광역시 계양구 임학서로 37-39,1,[2024],mobile,
gyeyang_wydjeg5c_001,national_standard,gyeyang,37.546083,126.732686,wydjeg5,wydjeg5c,임학동,인천광역시 계양구 임학서로24번길 5-16,인천광역시 계양구 임학동 47-8,인천광역시 계양구 임학서로24번길 5-16 | 인천광역시 계양구 임학동 47-8,2,[2014],mobile,
gyeyang_wydjegk6_001,national_standard,gyeyang,37.547574,126.733313,wydjegk,wydjegk6,임학동,인천광역시 계양구 계양산로 157,인천광역시 계양구 임학동 3-4,인천광역시 계양구 계양산로 157 | 인천광역시 계양구 임학동 3-4,1,[2021],mobile,
gyeyang_wydjegpm_001,national_standard,gyeyang,37.546691,126.737448,wydjegp,wydjegpm,임학동,인천광역시 계양구 임학동 25,인천광역시 계양구 임학동 25,인천광역시 계양구 임학동 25 | 인천광역시 계양구 임학동 25,2,[2021],mobile,
gyeyang_wydjegr3_001,national_standard,gyeyang,37.547488,126.737351,wydjegr,wydjegr3,계양2동,인천광역시 계양구 계양산로 200,인천광역시 계양구 임학동 5-41,인천광역시 계양구 계양산로 200 | 인천광역시 계양구 임학동 5-41,1,[2021],mobile,
gyeyang_wydjegrk_001,national_standard,gyeyang,37.547935,126.737263,wydjegr,wydjegrk,계양2동,인천광역시 계양구 병방시장로 3,인천광역시 계양구 병방동 392 병방시장 입구,인천광역시 계양구 병방시장로 3 | 인천광역시 계양구 병방동 392 병방시장 입구,1,[2021],mobile,
gyeyang_wydjegtc_001,national_standard,gyeyang,37.54871,126.73529,wydjegt,wydjegtc,임학동,인천광역시 계양구 화산로 26-1,인천광역시 계양구 임학동 165-1 원일빌라,인천광역시 계양구 화산로 26-1 | 인천광역시 계양구 임학동 165-1 원일빌라,1,[2021],mobile,
gyeyang_wydjeq8x_001,national_standard,gyeyang,37.566234,126.706178,wydjeq8,wydjeq8x,목상동,인천광역시 계양구 목상동 산 50-2,인천광역시 계양구 목상동 산 50-2,인천광역시 계양구 목상동 산 50-2 | 인천광역시 계양구 목상동 산 50-2,1,[2022],mobile,
gyeyang_wydjer1h_001,national_standard,gyeyang,37.568535,126.706954,wydjer1,wydjer1h,목상동,인천광역시 계양구 목상길 68-1,인천광역시 계양구 목상동 214 재활용동네마당7,인천광역시 계양구 목상길 68-1 | 인천광역시 계양구 목상동 214 재활용동네마당7,3,[2019],mobile,
gyeyang_wydjer1k_001,national_standard,gyeyang,37.568564,126.707229,wydjer1,wydjer1k,목상동,인천광역시 계양구 목상길 68-1,인천광역시 계양구 목상동 212-4,인천광역시 계양구 목상길 68-1 | 인천광역시 계양구 목상동 212-4,1,[2022],mobile,
gyeyang_wydjer6v_001,national_standard,gyeyang,37.570028,126.709268,wydjer6,wydjer6v,목상동,인천광역시 계양구 목상동 167-4,인천광역시 계양구 목상동 167-4,인천광역시 계양구 목상동 167-4 | 인천광역시 계양구 목상동 167-4,1,[2023],mobile,
gyeyang_wydjets5_001,national_standard,gyeyang,37.56003,126.72182,wydjets,wydjets5,다남동,인천광역시 계양구 방축로204번길 14,인천광역시 계양구 다남동 산 70-18,인천광역시 계양구 방축로204번길 14 | 인천광역시 계양구 다남동 산 70-18,1,[2020],mobile,
gyeyang_wydjeukn_001,national_standard,gyeyang,37.553731,126.733101,wydjeuk,wydjeukn,방축동,인천광역시 계양구 방축로 91번길 5-11,인천광역시 계양구 방축로 91번길 5-11,인천광역시 계양구 방축로 91번길 5-11 | 인천광역시 계양구 방축로 91번길 5-11,1,[2024],mobile,
gyeyang_wydjeuq5_001,national_standard,gyeyang,37.553178,126.735583,wydjeuq,wydjeuq5,방축동,인천광역시 계양구 방축동 87-10,인천광역시 계양구 방축동 87-10,인천광역시 계양구 방축동 87-10 | 인천광역시 계양구 방축동 87-10,1,[2024],mobile,
gyeyang_wydjew38_001,national_standard,gyeyang,37.563785,126.718398,wydjew3,wydjew38,다남동,인천광역시 계양구 다남로 165번길,인천광역시 계양구 다남동 42-8 청룡정,인천광역시 계양구 다남로 165번길 | 인천광역시 계양구 다남동 42-8 청룡정,2,[2019],mobile,
gyeyang_wydjewfb_001,national_standard,gyeyang,37.566531,126.720379,wydjewf,wydjewfb,다남동,인천광역시 계양구 다남동 35-23,인천광역시 계양구 다남동 35-23,인천광역시 계양구 다남동 35-23 | 인천광역시 계양구 다남동 35-23,1,[2023],mobile,
gyeyang_wydjex73_001,national_standard,gyeyang,37.569342,126.721013,wydjex7,wydjex73,다남동,인천광역시 계양구 다남동 130-2 도로변,인천광역시 계양구 다남동 130-2 도로변,인천광역시 계양구 다남동 130-2 도로변 | 인천광역시 계양구 다남동 130-2 도로변,1,[2019],mobile,
gyeyang_wydjexeg_001,national_standard,gyeyang,37.571054,126.721686,wydjexe,wydjexeg,다남동,인천광역시 계양구 다남동 53,인천광역시 계양구 다남동 53,인천광역시 계양구 다남동 53 | 인천광역시 계양구 다남동 53,1,[2023],mobile,
gyeyang_wydjez4q_001,national_standard,gyeyang,37.568869,126.730438,wydjez4,wydjez4q,다남동,인천광역시 계양구 둑실동 86,인천광역시 계양구 둑실동 86,인천광역시 계양구 둑실동 86 | 인천광역시 계양구 둑실동 86,2,[2023],mobile,
gyeyang_wydjg2v2_001,national_standard,gyeyang,37.577464,126.712547,wydjg2v,wydjg2v2,둑실동,인천광역시 계양구 둑실동 85-5,인천광역시 계양구 둑실동 85-5,인천광역시 계양구 둑실동 85-5 | 인천광역시 계양구 둑실동 85-5,1,[2022],mobile,
gyeyang_wydjg80f_001,national_standard,gyeyang,37.573601,126.71756,wydjg80,wydjg80f,갈현동,인천광역시 계양구 갈현동 175-3,인천광역시 계양구 갈현동 175-3,인천광역시 계양구 갈현동 175-3 | 인천광역시 계양구 갈현동 175-3,1,[2023],mobile,
gyeyang_wydjg81d_001,national_standard,gyeyang,37.573628,126.718593,wydjg81,wydjg81d,갈현동,인천광역시 계양구 갈현동 173-5,인천광역시 계양구 갈현동 173-5,인천광역시 계양구 갈현동 173-5 | 인천광역시 계양구 갈현동 173-5,1,[2023],mobile,
gyeyang_wydjg8c0_001,national_standard,gyeyang,37.57744,126.718,wydjg8c,wydjg8c0,갈현동,인천광역시 계양구 갈현동 137-2,인천광역시 계양구 갈현동 137-2,인천광역시 계양구 갈현동 137-2 | 인천광역시 계양구 갈현동 137-2,2,[2022],mobile,
gyeyang_wydjgbcs_001,national_standard,gyeyang,37.578203,126.729574,wydjgbc,wydjgbcs,장기동,인천광역시 계양구 장기동 87-20,인천광역시 계양구 장기동 87-20,인천광역시 계양구 장기동 87-20 | 인천광역시 계양구 장기동 87-20,1,[2023],mobile,
gyeyang_wydjgbfg_001,national_standard,gyeyang,37.577881,126.731199,wydjgbf,wydjgbfg,장기동,인천광역시 계양구 장기서로20번길 28,인천광역시 계양구 장기동 123-2 재활용동네마당#1,인천광역시 계양구 장기서로20번길 28 | 인천광역시 계양구 장기동 123-2 재활용동네마당#1,3,[2018],mobile,
gyeyang_wydjgbfk_001,national_standard,gyeyang,37.578121,126.730494,wydjgbf,wydjgbfk,장기동,인천광역시 계양구 장기서로20번길 38,인천광역시 계양구 장기동 122 중앙E클래스 앞,인천광역시 계양구 장기서로20번길 38 | 인천광역시 계양구 장기동 122 중앙E클래스 앞,1,[2019],mobile,
gyeyang_wydjgbg1_001,national_standard,gyeyang,37.57768,126.73142,wydjgbg,wydjgbg1,장기동,인천광역시 계양구 장기동 124,인천광역시 계양구 장기동 124,인천광역시 계양구 장기동 124 | 인천광역시 계양구 장기동 124,1,[2024],mobile,
gyeyang_wydjgbr2_001,national_standard,gyeyang,37.574662,126.737504,wydjgbr,wydjgbr2,장기동,인천광역시 계양구 장기동 108-3,인천광역시 계양구 장기동 108-3,인천광역시 계양구 장기동 108-3 | 인천광역시 계양구 장기동 108-3,2,[2023],mobile,
gyeyang_wydjgbtx_001,national_standard,gyeyang,37.577341,126.735066,wydjgbt,wydjgbtx,장기동,인천광역시 계양구 장기로9번길 3,인천광역시 계양구 장기동 136,인천광역시 계양구 장기로9번길 3 | 인천광역시 계양구 장기동 136,1,[2020],mobile,
gyeyang_wydjgbw7_001,national_standard,gyeyang,37.576557,126.736154,wydjgbw,wydjgbw7,장기동,인천광역시 계양구 장기로 2,인천광역시 계양구 장기동 153,인천광역시 계양구 장기로 2 | 인천광역시 계양구 장기동 153,1,[2020],mobile,
gyeyang_wydjgbxn_001,national_standard,gyeyang,37.577103,126.737197,wydjgbx,wydjgbxn,장기동,인천광역시 계양구 장기로2번길 11,인천광역시 계양구 장기로2번길 11,인천광역시 계양구 장기로2번길 11 | 인천광역시 계양구 장기로2번길 11,1,[2024],mobile,
gyeyang_wydjgbyc_001,national_standard,gyeyang,37.577697,126.736725,wydjgby,wydjgbyc,장기동,인천광역시 계양구 황어로134번길 11,인천광역시 계양구 장기동 150-11 사랑의쌀 나눔운동본부,인천광역시 계양구 황어로134번길 11 | 인천광역시 계양구 장기동 150-11 사랑의쌀 나눔운동본부,1,[2021],mobile,
gyeyang_wydjgbyq_001,national_standard,gyeyang,37.578472,126.736,wydjgby,wydjgbyq,장기동,인천광역시 계양구 장기로22번길 8-1 황어장터 화장실 옆 화단,인천광역시 계양구 장기동 147-3,인천광역시 계양구 장기로22번길 8-1 황어장터 화장실 옆 화단 | 인천광역시 계양구 장기동 147-3,1,[2021],mobile,
gyeyang_wydjgbyr_001,national_standard,gyeyang,37.578627,126.735988,wydjgby,wydjgbyr,장기동,인천광역시 계양구 장기로 22번길 10,인천광역시 계양구 장기로 22번길 10,인천광역시 계양구 장기로 22번길 10 | 인천광역시 계양구 장기로 22번길 10,1,[2023],mobile,
gyeyang_wydjgbyt_001,national_standard,gyeyang,37.578386,126.736393,wydjgby,wydjgbyt,장기동,인천광역시 계양구 장기동 146 장터어린이공원 모퉁이,인천광역시 계양구 장기동 146 장터어린이공원 모퉁이,인천광역시 계양구 장기동 146 장터어린이공원 모퉁이 | 인천광역시 계양구 장기동 146 장터어린이공원 모퉁이,1,[2019],mobile,
gyeyang_wydjgbze_001,national_standard,gyeyang,37.578019,126.737709,wydjgbz,wydjgbze,장기동,인천광역시 계양구 장기로10번길 20-1,인천광역시 계양구 장기동 151-21 설화E클래스 앞,인천광역시 계양구 장기로10번길 20-1 | 인천광역시 계양구 장기동 151-21 설화E클래스 앞,2,[2019],mobile,
gyeyang_wydjgbzm_001,national_standard,gyeyang,37.578355,126.737268,wydjgbz,wydjgbzm,장기동,인천광역시 계양구 장기로14번길18 중앙E클래스 C동앞,인천광역시 계양구 장기동 150-17 중앙E클래스 C동앞,인천광역시 계양구 장기로14번길18 중앙E클래스 C동앞 | 인천광역시 계양구 장기동 150-17 중앙E클래스 C동앞,1,[2016],mobile,
gyeyang_wydjgc4q_001,national_standard,gyeyang,37.579886,126.730715,wydjgc4,wydjgc4q,오류동,인천광역시 계양구 오류동 183,인천광역시 계양구 오류동 183,인천광역시 계양구 오류동 183 | 인천광역시 계양구 오류동 183,1,[2022],mobile,
gyeyang_wydjgcjd_001,national_standard,gyeyang,37.579219,126.735105,wydjgcj,wydjgcjd,장기동,인천광역시 계양구 황어로126번길 5,인천광역시 계양구 장기동 139-1,인천광역시 계양구 황어로126번길 5 | 인천광역시 계양구 장기동 139-1,2,[2022],mobile,
gyeyang_wydjgcjg_001,national_standard,gyeyang,37.579279,126.735419,wydjgcj,wydjgcjg,장기동,인천광역시 계양구 황어로126번길 3-1,인천광역시 계양구 장기동 139-1,인천광역시 계양구 황어로126번길 3-1 | 인천광역시 계양구 장기동 139-1,1,[2020],mobile,
gyeyang_wydjgcmx_001,national_standard,gyeyang,37.581451,126.734939,wydjgcm,wydjgcmx,오류동,인천광역시 계양구 황어로115번길 10,인천광역시 계양구 오류동 180,인천광역시 계양구 황어로115번길 10 | 인천광역시 계양구 오류동 180,1,[2020],mobile,
gyeyang_wydjgcn4_001,national_standard,gyeyang,37.579139,126.735574,wydjgcn,wydjgcn4,장기동,인천광역시 계양구 장기로22번길 9-2,인천광역시 계양구 장기동 140 준명품쉐르빌 앞,인천광역시 계양구 장기로22번길 9-2 | 인천광역시 계양구 장기동 140 준명품쉐르빌 앞,1,[2019],mobile,
gyeyang_wydjgcns_001,national_standard,gyeyang,37.579566,126.736344,wydjgcn,wydjgcns,장기동,인천광역시 계양구 황어로134번길 5-1,인천광역시 계양구 장기동 143-2,인천광역시 계양구 황어로134번길 5-1 | 인천광역시 계양구 장기동 143-2,1,[2022],mobile,
gyeyang_wydjgcp1_001,national_standard,gyeyang,37.579076,126.737045,wydjgcp,wydjgcp1,장기동,인천광역시 계양구 장기로22번길 18,인천광역시 계양구 장기동 145-3 곤지그린빌,인천광역시 계양구 장기로22번길 18 | 인천광역시 계양구 장기동 145-3 곤지그린빌,2,[2020],mobile,
gyeyang_wydjgcp9_001,national_standard,gyeyang,37.579022,126.737812,wydjgcp,wydjgcp9,장기동,인천광역시 계양구 황어로148번길 14,인천광역시 계양구 장기동 146-3,인천광역시 계양구 황어로148번길 14 | 인천광역시 계양구 장기동 146-3,1,[2020],mobile,
gyeyang_wydjgcrt_001,national_standard,gyeyang,37.581111,126.737922,wydjgcr,wydjgcrt,이화동,인천광역시 계양구 이화동 391-2,인천광역시 계양구 이화동 391-2,인천광역시 계양구 이화동 391-2 | 인천광역시 계양구 이화동 391-2,1,[2022],mobile,
gyeyang_wydjgdrs_001,national_standard,gyeyang,37.586333,126.726917,wydjgdr,wydjgdrs,오류동,인천광역시 계양구 오류북길 1,인천광역시 계양구 오류북길 1,인천광역시 계양구 오류북길 1 | 인천광역시 계양구 오류북길 1,1,[2023],mobile,
gyeyang_wydjgdrv_001,national_standard,gyeyang,37.586518,126.727069,wydjgdr,wydjgdrv,오류동,인천광역시 계양구 오류동 124-5,인천광역시 계양구 오류동 124-5,인천광역시 계양구 오류동 124-5 | 인천광역시 계양구 오류동 124-5,1,[2022],mobile,
gyeyang_wydjgfsz_001,national_standard,gyeyang,37.588191,126.734047,wydjgfs,wydjgfsz,이화동,인천광역시 계양구 오리올길 56,인천광역시 계양구 이화동 343-3,인천광역시 계양구 오리올길 56 | 인천광역시 계양구 이화동 343-3,1,[2022],mobile,
gyeyang_wydjggnv_001,national_standard,gyeyang,37.59069,126.73681,wydjggn,wydjggnv,이화동,인천광역시 게양구 이화남로 122,인천광역시 게양구 이화남로 122,인천광역시 게양구 이화남로 122 | 인천광역시 게양구 이화남로 122,1,[2024],mobile,
gyeyang_wydjkp6p_001,national_standard,gyeyang,37.526471,126.741149,wydjkp6,wydjkp6p,작전동,인천광역시 계양구 까치말로 6번길 43,인천광역시 계양구 작전동 613-12,인천광역시 계양구 까치말로 6번길 43 | 인천광역시 계양구 작전동 613-12,1,[2019],mobile,
gyeyang_wydjkp98_001,national_standard,gyeyang,37.526574,126.740618,wydjkp9,wydjkp98,작전동,인천광역시 계양구 아나지로 437번길 5 ㈜그린웰 건너편(성웅산호타운 108동),인천광역시 계양구 작전동 910-9 유영엠프레스 상가빌딩 1층,인천광역시 계양구 아나지로 437번길 5 ㈜그린웰 건너편(성웅산호타운 108동) | 인천광역시 계양구 작전동 910-9 유영엠프레스 상가빌딩 1층,1,[2016],mobile,
gyeyang_wydjkp9v_001,national_standard,gyeyang,37.527475,126.740955,wydjkp9,wydjkp9v,작전동,인천광역시 계양구 효서로 402,인천광역시 계양구 작전동 612-3,인천광역시 계양구 효서로 402 | 인천광역시 계양구 작전동 612-3,2,[2019],mobile,
gyeyang_wydjs05b_001,national_standard,gyeyang,37.529394,126.743721,wydjs05,wydjs05b,서운동,인천광역시 계양구 서운로 41,인천광역시 계양구 서운동 27-3,인천광역시 계양구 서운로 41 | 인천광역시 계양구 서운동 27-3,1,[2014],mobile,
gyeyang_wydjs12x_001,national_standard,gyeyang,37.53743,126.7393,wydjs12,wydjs12x,계산동,인천광역시 계양구 계산동 1084-1,인천광역시 계양구 계산동 1084-1,인천광역시 계양구 계산동 1084-1 | 인천광역시 계양구 계산동 1084-1,1,[2024],mobile,
gyeyang_wydjs18w_001,national_standard,gyeyang,37.53866,126.7392,wydjs18,wydjs18w,용종동,인천광역시 계양구 용종동 213-4,인천광역시 계양구 용종동 213-4,인천광역시 계양구 용종동 213-4 | 인천광역시 계양구 용종동 213-4,1,[2024],mobile,
gyeyang_wydjs1jz_001,national_standard,gyeyang,37.536075,126.746278,wydjs1j,wydjs1jz,서운동,인천광역시 계양구 살라리로 12번길 13-2,인천광역시 계양구 서운동 189-6,인천광역시 계양구 살라리로 12번길 13-2 | 인천광역시 계양구 서운동 189-6,1,[2020],mobile,
gyeyang_wydjs38k_001,national_standard,gyeyang,37.538226,126.749911,wydjs38,wydjs38k,용종동,인천광역시 계양구 용종동 계산천 주변,인천광역시 계양구 용종동 계산천 주변,인천광역시 계양구 용종동 계산천 주변 | 인천광역시 계양구 용종동 계산천 주변,1,[2019],mobile,
gyeyang_wydjs477_001,national_standard,gyeyang,37.542209,126.742856,wydjs47,wydjs477,계산동,인천광역시 계양구 용종로 96번길 7,인천광역시 계양구 용종동 225-10,인천광역시 계양구 용종로 96번길 7 | 인천광역시 계양구 용종동 225-10,2,[2019],mobile,
gyeyang_wydjs4ed_001,national_standard,gyeyang,37.54346,126.743124,wydjs4e,wydjs4ed,용종동,인천광역시 계양구 용마루1길 11 밀밭길 앞,인천광역시 계양구 용종동 216-3 밀밭길 앞,인천광역시 계양구 용마루1길 11 밀밭길 앞 | 인천광역시 계양구 용종동 216-3 밀밭길 앞,1,[2016],mobile,
gyeyang_wydjs56f_001,national_standard,gyeyang,37.54761,126.742247,wydjs56,wydjs56f,병방동,인천광역시 계양구 병방로 11번길 8,인천광역시 계양구 병방동 115-4,인천광역시 계양구 병방로 11번길 8 | 인천광역시 계양구 병방동 115-4,1,[2019],mobile,
gyeyang_wydjs56m_001,national_standard,gyeyang,37.548075,126.741454,wydjs56,wydjs56m,병방동,인천광역시 계양구 평동 25-5,인천광역시 계양구 평동 25-5,인천광역시 계양구 평동 25-5 | 인천광역시 계양구 평동 25-5,1,[2023],mobile,
gyeyang_wydjs56v_001,national_standard,gyeyang,37.54803,126.742283,wydjs56,wydjs56v,병방동,인천광역시 계양구 장제로 920번길 8,인천광역시 계양구 병방동 118-23 장인빌라 인근,인천광역시 계양구 장제로 920번길 8 | 인천광역시 계양구 병방동 118-23 장인빌라 인근,1,[2021],mobile,
gyeyang_wydjs573_001,national_standard,gyeyang,37.547343,126.74281,wydjs57,wydjs573,병방동,인천광역시 계양구 장제로920번길 18,인천광역시 계양구 병방동 114-3,인천광역시 계양구 장제로920번길 18 | 인천광역시 계양구 병방동 114-3,1,[2021],mobile,
gyeyang_wydjs57x_001,national_standard,gyeyang,37.548428,126.743306,wydjs57,wydjs57x,병방동,인천광역시 계양구 장제로 928번길 15,인천광역시 계양구 병방동 101-2,인천광역시 계양구 장제로 928번길 15 | 인천광역시 계양구 병방동 101-2,1,[2019],mobile,
gyeyang_wydjs585_001,national_standard,gyeyang,37.549105,126.738542,wydjs58,wydjs585,병방동,인천광역시 계양구 병방시장로61번길 12,인천광역시 계양구 병방동 380,인천광역시 계양구 병방시장로61번길 12 | 인천광역시 계양구 병방동 380,1,[2021],mobile,
gyeyang_wydjs58w_001,national_standard,gyeyang,37.549589,126.739298,wydjs58,wydjs58w,방축동,인천광역시 계양구 화산로58번길 8,인천광역시 계양구 방축동 203,인천광역시 계양구 화산로58번길 8 | 인천광역시 계양구 방축동 203,1,[2020],mobile,
gyeyang_wydjs5c8_001,national_standard,gyeyang,37.549993,126.740351,wydjs5c,wydjs5c8,방축동,인천광역시 계양구 화산로66번길 12 세탁소,인천광역시 계양구 방축동 183-1 세탁소,인천광역시 계양구 화산로66번길 12 세탁소 | 인천광역시 계양구 방축동 183-1 세탁소 | 인천광역시 계양구 화산로 66번길 11-1 | 인천광역시 계양구 화산로 66번길 11-1,3,"[2016, 2024]",mobile,
gyeyang_wydjs5dx_001,national_standard,gyeyang,37.549854,126.74202,wydjs5d,wydjs5dx,방축동,인천광역시 계양구 장제로 937,인천광역시 계양구 방축동 214,인천광역시 계양구 장제로 937 | 인천광역시 계양구 방축동 214,2,[2021],mobile,
gyeyang_wydjs5e2_001,national_standard,gyeyang,37.548567,126.742966,wydjs5e,wydjs5e2,병방동,인천광역시 계양구 장제로 928번길 9-1,인천광역시 계양구 병방동 108-11,인천광역시 계양구 장제로 928번길 9-1 | 인천광역시 계양구 병방동 108-11,1,[2019],mobile,
gyeyang_wydjs5h3_001,national_standard,gyeyang,37.546001,126.744277,wydjs5h,wydjs5h3,병방동,인천광역시 계양구 병방로 38,인천광역시 계양구 병방동 433-1 키즈빌어린이집,인천광역시 계양구 병방로 38 | 인천광역시 계양구 병방동 433-1 키즈빌어린이집,1,[2021],mobile,
gyeyang_wydjs5hf_001,national_standard,gyeyang,37.546155,126.744899,wydjs5h,wydjs5hf,병방동,인천광역시 계양구 병방로41 우정그린빌라,인천광역시 계양구 병방동 164-6 우정그린빌라,인천광역시 계양구 병방로41 우정그린빌라 | 인천광역시 계양구 병방동 164-6 우정그린빌라,1,[2017],mobile,
gyeyang_wydjs5kd_001,national_standard,gyeyang,37.547604,126.744498,wydjs5k,wydjs5kd,병방동,인천광역시 계양구 병방로 23번길 22 앞,인천광역시 계양구 병방동 160-1,인천광역시 계양구 병방로 23번길 22 앞 | 인천광역시 계양구 병방동 160-1,1,[2017],mobile,
gyeyang_wydjs5kr_001,national_standard,gyeyang,37.548433,126.744454,wydjs5k,wydjs5kr,병방동,인천광역시 계양구 장제로 946번길 25,인천광역시 계양구 장제로 946번길 25,인천광역시 계양구 장제로 946번길 25 | 인천광역시 계양구 장제로 946번길 25,1,[2023],mobile,
gyeyang_wydjs5sr_001,national_standard,gyeyang,37.549874,126.744447,wydjs5s,wydjs5sr,병방동,인천광역시 계양구 장제로948번길 13,인천광역시 계양구 병방동 3 양촌중 앞,인천광역시 계양구 장제로948번길 13 | 인천광역시 계양구 병방동 3 양촌중 앞,1,[2021],mobile,
gyeyang_wydjs7t7_001,national_standard,gyeyang,37.549044,126.756738,wydjs7t,wydjs7t7,동양동,인천광역시 계양구 동양동 516-7,인천광역시 계양구 동양동 516-7,인천광역시 계양구 동양동 516-7 | 인천광역시 계양구 동양동 516-7,1,[2020],mobile,
gyeyang_wydjshe1_001,national_standard,gyeyang,37.554218,126.742686,wydjshe,wydjshe1,박촌동,인천광역시 계양구 장제로995번길 24,인천광역시 계양구 박촌동 78-39,인천광역시 계양구 장제로995번길 24 | 인천광역시 계양구 박촌동 78-39,2,[2020],mobile,
gyeyang_wydjshem_001,national_standard,gyeyang,37.554878,126.742899,wydjshe,wydjshem,박촌동,인천광역시 계양구 박촌로 41,인천광역시 계양구 박촌동 78-23,인천광역시 계양구 박촌로 41 | 인천광역시 계양구 박촌동 78-23,1,[2019],mobile,
gyeyang_wydjshge_001,national_standard,gyeyang,37.555967,126.743379,wydjshg,wydjshge,박촌동,인천광역시 계양구 박촌로54번길 4,인천광역시 계양구 박촌동 47-5 방산주택 부근,인천광역시 계양구 박촌로54번길 4 | 인천광역시 계양구 박촌동 47-5 방산주택 부근,1,[2021],mobile,
gyeyang_wydjshgf_001,national_standard,gyeyang,37.555761,126.743678,wydjshg,wydjshgf,박촌동,인천광역시 계양구 박촌로 52,인천광역시 계양구 박촌동 69,인천광역시 계양구 박촌로 52 | 인천광역시 계양구 박촌동 69,1,[2017],mobile,
gyeyang_wydjshgz_001,national_standard,gyeyang,37.556745,126.743588,wydjshg,wydjshgz,박촌동,인천광역시 계양구 장제로 1017번길 17,인천광역시 계양구 박촌동 21-29,인천광역시 계양구 장제로 1017번길 17 | 인천광역시 계양구 박촌동 21-29,3,[2019],mobile,
gyeyang_wydjshkn_001,national_standard,gyeyang,37.553839,126.743939,wydjshk,wydjshkn,박촌동,인천광역시 계양구 장제로995번길 11,인천광역시 계양구 박촌동 102-14 계양하우스토리 2차(계양농협본점뒤편),인천광역시 계양구 장제로995번길 11 | 인천광역시 계양구 박촌동 102-14 계양하우스토리 2차(계양농협본점뒤편),4,[2020],mobile,
gyeyang_wydjshsr_001,national_standard,gyeyang,37.555381,126.744243,wydjshs,wydjshsr,박촌동,인천광역시 계양구 장제로 1001번길 5,인천광역시 계양구 박촌동 64,인천광역시 계양구 장제로 1001번길 5 | 인천광역시 계양구 박촌동 64,2,[2016],mobile,
gyeyang_wydjshsu_001,national_standard,gyeyang,37.554741,126.744875,wydjshs,wydjshsu,박촌동,인천광역시 계양구 장제로997번길 3-1 준서트리빌 2동 인근?,인천광역시 계양구 박촌동 99-8 준서트리빌 2동 인근?,인천광역시 계양구 장제로997번길 3-1 준서트리빌 2동 인근? | 인천광역시 계양구 박촌동 99-8 준서트리빌 2동 인근?,1,[2016],mobile,
gyeyang_wydjsht5_001,national_standard,gyeyang,37.554654,126.745218,wydjsht,wydjsht5,박촌동,인천광역시 계양구 박촌역 4번출구,인천광역시 계양구 박촌역 4번출구,인천광역시 계양구 박촌역 4번출구 | 인천광역시 계양구 박촌역 4번출구,1,[2019],mobile,
gyeyang_wydjshu7_001,national_standard,gyeyang,37.555976,126.7443,wydjshu,wydjshu7,박촌동,인천광역시 계양구 박촌동 49-1,인천광역시 계양구 박촌동 49-1,인천광역시 계양구 박촌동 49-1 | 인천광역시 계양구 박촌동 49-1,1,[2023],mobile,
gyeyang_wydjshuf_001,national_standard,gyeyang,37.555849,126.744896,wydjshu,wydjshuf,박촌동,인천광역시 계양구 장제로1009번길 6,인천광역시 계양구 박촌동 52-18 건강원,인천광역시 계양구 장제로1009번길 6 | 인천광역시 계양구 박촌동 52-18 건강원,1,[2020],mobile,
gyeyang_wydjshuq_001,national_standard,gyeyang,37.556493,126.744378,wydjshu,wydjshuq,박촌동,인천광역시 계양구 장제로1009번길 12,인천광역시 계양구 박촌동 19-3,인천광역시 계양구 장제로1009번길 12 | 인천광역시 계양구 박촌동 19-3,1,[2021],mobile,
gyeyang_wydjshvj_001,national_standard,gyeyang,37.556328,126.745469,wydjshv,wydjshvj,박촌동,인천광역시 계양구 장제로 1015,인천광역시 계양구 박촌동 52-26 현대공구철물 옆,인천광역시 계양구 장제로 1015 | 인천광역시 계양구 박촌동 52-26 현대공구철물 옆,1,[2019],mobile,
gyeyang_wydjshx4_001,national_standard,gyeyang,37.554379,126.748047,wydjshx,wydjshx4,박촌동,인천광역시 계양구 서부간선로 269-7,인천광역시 계양구 박촌동 137-7,인천광역시 계양구 서부간선로 269-7 | 인천광역시 계양구 박촌동 137-7,1,[2022],mobile,
gyeyang_wydjsj4t_001,national_standard,gyeyang,37.557786,126.741997,wydjsj4,wydjsj4t,박촌동,인천광역시 계양구 박촌로 84,인천광역시 계양구 박촌동 33-7 아름빌라 앞,인천광역시 계양구 박촌로 84 | 인천광역시 계양구 박촌동 33-7 아름빌라 앞,1,[2019],mobile,
gyeyang_wydjsj5g_001,national_standard,gyeyang,37.557317,126.743696,wydjsj5,wydjsj5g,박촌동,인천광역시 계양구 장제로1025번길 21,인천광역시 계양구 박촌동 21-26,인천광역시 계양구 장제로1025번길 21 | 인천광역시 계양구 박촌동 21-26,2,[2020],mobile,
gyeyang_wydjsjkp_001,national_standard,gyeyang,37.559343,126.74394,wydjsjk,wydjsjkp,박촌동,인천광역시 계양구 당미1길 44,인천광역시 계양구 동양동 642-14 래미안빌2차 앞,인천광역시 계양구 당미1길 44 | 인천광역시 계양구 동양동 642-14 래미안빌2차 앞,2,[2019],mobile,
gyeyang_wydjsjn9_001,national_standard,gyeyang,37.557106,126.747358,wydjsjn,wydjsjn9,박촌동,인천광역시 계양구 동양로 15-2,인천광역시 계양구 박촌동 147-1,인천광역시 계양구 동양로 15-2 | 인천광역시 계양구 박촌동 147-1,1,[2022],mobile,
gyeyang_wydjsmgf_001,national_standard,gyeyang,37.561386,126.754438,wydjsmg,wydjsmgf,동양동,인천광역시 계양구 양지말1길 8,인천광역시 계양구 동양동 608,인천광역시 계양구 양지말1길 8 | 인천광역시 계양구 동양동 608,1,[2022],mobile,
gyeyang_wydjsmgr_001,national_standard,gyeyang,37.562203,126.753977,wydjsmg,wydjsmgr,동양동,인천광역시 계양구 양지말1길 12-3,인천광역시 계양구 동양동 603-9,인천광역시 계양구 양지말1길 12-3 | 인천광역시 계양구 동양동 603-9,2,[2020],mobile,
gyeyang_wydjsmgy_001,national_standard,gyeyang,37.562011,126.75473,wydjsmg,wydjsmgy,동양동,인천광역시 계양구 동양동 607,인천광역시 계양구 동양동 607,인천광역시 계양구 동양동 607 | 인천광역시 계양구 동양동 607,1,[2022],mobile,
gyeyang_wydjsmrw_001,national_standard,gyeyang,37.559168,126.759598,wydjsmr,wydjsmrw,동양동,인천광역시 계양구 동양로 131,인천광역시 계양구 동양동 641-5,인천광역시 계양구 동양로 131 | 인천광역시 계양구 동양동 641-5,2,[2021],mobile,
gyeyang_wydjsms4_001,national_standard,gyeyang,37.559917,126.754851,wydjsms,wydjsms4,동양동,인천광역시 계양구 순평길 20-1,인천광역시 계양구 동양동 622-13 LG홈타운,인천광역시 계양구 순평길 20-1 | 인천광역시 계양구 동양동 622-13 LG홈타운,1,[2021],mobile,
gyeyang_wydjsmse_001,national_standard,gyeyang,37.560158,126.755586,wydjsms,wydjsmse,동양동,인천광역시 계양구 양지로 17,인천광역시 계양구 동양동 622-6,인천광역시 계양구 양지로 17 | 인천광역시 계양구 동양동 622-6,3,[2021],mobile,
gyeyang_wydjsmtf_001,national_standard,gyeyang,37.55998,126.757452,wydjsmt,wydjsmtf,동양동,인천광역시 계양구 당미2길 16,인천광역시 계양구 당미2길 16,인천광역시 계양구 당미2길 16 | 인천광역시 계양구 당미2길 16,1,[2023],mobile,
gyeyang_wydjsmv0_001,national_standard,gyeyang,37.560983,126.756458,wydjsmv,wydjsmv0,동양동,인천광역시 계양구 당미4길 3,인천광역시 계양구 당미4길 3,인천광역시 계양구 당미4길 3 | 인천광역시 계양구 당미4길 3,2,[2023],mobile,
gyeyang_wydjsmw2_001,national_standard,gyeyang,37.55952,126.758069,wydjsmw,wydjsmw2,동양동,인천광역시 계양구 당미1길 17,인천광역시 계양구 동양동 637-6,인천광역시 계양구 당미1길 17 | 인천광역시 계양구 동양동 637-6,1,[2019],mobile,
gyeyang_wydjsmwv_001,national_standard,gyeyang,37.560369,126.758808,wydjsmw,wydjsmwv,동양동,인천광역시 계양구 당미2길 23,인천광역시 계양구 동양동 625-17,인천광역시 계양구 당미2길 23 | 인천광역시 계양구 동양동 625-17,2,[2019],mobile,
gyeyang_wydjsmx8_001,national_standard,gyeyang,37.559574,126.759832,wydjsmx,wydjsmx8,동양동,인천광역시 계양구 당미1길 36,인천광역시 계양구 동양동 642-1 e푸른빌 모퉁이,인천광역시 계양구 당미1길 36 | 인천광역시 계양구 동양동 642-1 e푸른빌 모퉁이 | 인천광역시 계양구 당미1길 36 | 인천광역시 계양구 동양동 642-1,2,"[2019, 2022]",mobile,
gyeyang_wydjsmxf_001,national_standard,gyeyang,37.559982,126.760186,wydjsmx,wydjsmxf,동양동,인천광역시 계양구 당미1길 39-1,인천광역시 계양구 동양동 631 설화e클래스,인천광역시 계양구 당미1길 39-1 | 인천광역시 계양구 동양동 631 설화e클래스,3,[2021],mobile,
gyeyang_wydjsmxr_001,national_standard,gyeyang,37.560877,126.759546,wydjsmx,wydjsmxr,동양동,인천광역시 계양구 당미3길 36,인천광역시 계양구 동양동 625-15,인천광역시 계양구 당미3길 36 | 인천광역시 계양구 동양동 625-15,2,[2021],mobile,
gyeyang_wydjsmyc_001,national_standard,gyeyang,37.561114,126.758827,wydjsmy,wydjsmyc,동양동,인천광역시 계양구 당미4길 26,인천광역시 계양구 동양동 619-3 더스테이 앞,인천광역시 계양구 당미4길 26 | 인천광역시 계양구 동양동 619-3 더스테이 앞,1,[2019],mobile,
gyeyang_wydjsnuf_001,national_standard,gyeyang,37.566753,126.745057,wydjsnu,wydjsnuf,귤현동,인천광역시 계양구 양지로 169-3 클로버힐 입구,인천광역시 계양구 귤현동 505-16,인천광역시 계양구 양지로 169-3 클로버힐 입구 | 인천광역시 계양구 귤현동 505-16,2,[2019],mobile,
gyeyang_wydjsnuq_001,national_standard,gyeyang,37.567443,126.744454,wydjsnu,wydjsnuq,귤현동,인천광역시 계양구 만봉길 58,인천광역시 계양구 귤현동 507-1,인천광역시 계양구 만봉길 58 | 인천광역시 계양구 귤현동 507-1,1,[2020],mobile,
gyeyang_wydjsnyw_001,national_standard,gyeyang,37.567407,126.747227,wydjsny,wydjsnyw,귤현동,인천광역시 계양구 귤현동 귤현길 3,인천광역시 계양구 귤현동 495-1,인천광역시 계양구 귤현동 귤현길 3 | 인천광역시 계양구 귤현동 495-1,1,[2019],mobile,
gyeyang_wydjsnzq_001,national_standard,gyeyang,37.567556,126.748327,wydjsnz,wydjsnzq,귤현동,인천광역시 계양구 굴재길 5,인천광역시 계양구 귤현동 499-6,인천광역시 계양구 굴재길 5 | 인천광역시 계양구 귤현동 499-6,1,[2020],mobile,
gyeyang_wydjspjn_001,national_standard,gyeyang,37.568909,126.745261,wydjspj,wydjspjn,귤현동,인천광역시 계양구 귤현동 511,인천광역시 계양구 화단봉길 23,인천광역시 계양구 귤현동 511 | 인천광역시 계양구 화단봉길 23,2,[2020],mobile,
gyeyang_wydjspmc_001,national_standard,gyeyang,37.569455,126.746442,wydjspm,wydjspmc,귤현동,인천광역시 계양구 장군봉길 36,인천광역시 계양구 귤현동 485-12 재활용동네마당#2,인천광역시 계양구 장군봉길 36 | 인천광역시 계양구 귤현동 485-12 재활용동네마당#2,3,[2018],mobile,
gyeyang_wydjspmd_001,national_standard,gyeyang,37.569477,126.745898,wydjspm,wydjspmd,귤현동,인천광역시 계양구 장군봉길 40,인천광역시 계양구 귤현동 485-13 힐타운 11차 앞,인천광역시 계양구 장군봉길 40 | 인천광역시 계양구 귤현동 485-13 힐타운 11차 앞,1,[2019],mobile,
gyeyang_wydjspmt_001,national_standard,gyeyang,37.570128,126.745882,wydjspm,wydjspmt,귤현동,인천광역시 계양구 장군봉길 48,인천광역시 계양구 귤현동 485-4,인천광역시 계양구 장군봉길 48 | 인천광역시 계양구 귤현동 485-4,1,[2022],mobile,
gyeyang_wydjspnq_001,national_standard,gyeyang,37.568908,126.746918,wydjspn,wydjspnq,귤현동,인천광역시 계양구 귤현길 19,인천광역시 계양구 귤현동 493-2 귤현초교 뒷편(승윤노블리안앞),인천광역시 계양구 귤현길 19 | 인천광역시 계양구 귤현동 493-2 귤현초교 뒷편(승윤노블리안앞),1,[2021],mobile,
gyeyang_wydjspp7_001,national_standard,gyeyang,37.568392,126.748282,wydjspp,wydjspp7,귤현동,인천광역시 계양구 굴재길 16,인천광역시 계양구 귤현동 12 귤현꿈나무 어린이집,인천광역시 계양구 굴재길 16 | 인천광역시 계양구 귤현동 12 귤현꿈나무 어린이집,1,[2021],mobile,
gyeyang_wydjsppm_001,national_standard,gyeyang,37.568731,126.748294,wydjspp,wydjsppm,귤현동,인천광역시 계양구 굴재길 17-1,인천광역시 계양구 귤현동 498,인천광역시 계양구 굴재길 17-1 | 인천광역시 계양구 귤현동 498,1,[2019],mobile,
gyeyang_wydjspq1_001,national_standard,gyeyang,37.569455,126.746853,wydjspq,wydjspq1,귤현동,인천광역시 계양구 장군봉길 29,인천광역시 계양구 귤현동 493,인천광역시 계양구 장군봉길 29 | 인천광역시 계양구 귤현동 493,2,[2014],mobile,
gyeyang_wydjspqs_001,national_standard,gyeyang,37.569826,126.747313,wydjspq,wydjspqs,귤현동,인천광역시 계양구 귤현길 41,인천광역시 계양구 귤현동 487-1,인천광역시 계양구 귤현길 41 | 인천광역시 계양구 귤현동 487-1,2,"[2020, 2022]",mobile,
gyeyang_wydjspqx_001,national_standard,gyeyang,37.570489,126.747382,wydjspq,wydjspqx,귤현동,인천광역시 계양구 귤현길 39,인천광역시 계양구 귤현동 488,인천광역시 계양구 귤현길 39 | 인천광역시 계양구 귤현동 488,1,[2021],mobile,
gyeyang_wydjspqz_001,national_standard,gyeyang,37.570402,126.747733,wydjspq,wydjspqz,귤현동,인천광역시 계양구 장군봉길 12 귤현아이파크 104동 담장,인천광역시 계양구 귤현동 489,인천광역시 계양구 장군봉길 12 귤현아이파크 104동 담장 | 인천광역시 계양구 귤현동 489,1,[2021],mobile,
gyeyang_wydjspyj_001,national_standard,gyeyang,37.572861,126.746619,wydjspy,wydjspyj,귤현동,인천광역시 계양구 귤현동 43-14,인천광역시 계양구 귤현동 43-14,인천광역시 계양구 귤현동 43-14 | 인천광역시 계양구 귤현동 43-14,1,[2022],mobile,
gyeyang_wydjsq4b_001,national_standard,gyeyang,37.562381,126.753096,wydjsq4,wydjsq4b,동양동,인천광역시 계양구 양지말길 28,인천광역시 계양구 동양동 602-11,인천광역시 계양구 양지말길 28 | 인천광역시 계양구 동양동 602-11,1,[2019],mobile,
gyeyang_wydjsq4z_001,national_standard,gyeyang,37.563494,126.753282,wydjsq4,wydjsq4z,동양동,인천광역시 계양구 양지말길 42,인천광역시 계양구 동양동 593 재활용동네마당8,인천광역시 계양구 양지말길 42 | 인천광역시 계양구 동양동 593 재활용동네마당8,3,[2019],mobile,
gyeyang_wydjsq5v_001,national_standard,gyeyang,37.563201,126.754503,wydjsq5,wydjsq5v,동양동,인천광역시 계양구 양지말 3길 5,인천광역시 계양구 동양동 601-7,인천광역시 계양구 양지말 3길 5 | 인천광역시 계양구 동양동 601-7,2,[2019],mobile,
gyeyang_wydjsq5x_001,national_standard,gyeyang,37.563503,126.754371,wydjsq5,wydjsq5x,동양동,인천광역시 계양구 동양동 593-2 주차장 옆,인천광역시 계양구 동양동 593-2 주차장 옆,인천광역시 계양구 동양동 593-2 주차장 옆 | 인천광역시 계양구 동양동 593-2 주차장 옆,1,[2019],mobile,
gyeyang_wydjsq93_001,national_standard,gyeyang,37.5653,126.751145,wydjsq9,wydjsq93,귤현동,인천광역시 계양구 형제봉길 50,인천광역시 계양구 귤현동 532,인천광역시 계양구 형제봉길 50 | 인천광역시 계양구 귤현동 532,1,[2022],mobile,
gyeyang_wydjsqh2_001,national_standard,gyeyang,37.562324,126.755177,wydjsqh,wydjsqh2,동양동,인천광역시 계양구 양지로 39,인천광역시 계양구 동양동 604-1 솔향기마을 2단지 모퉁이,인천광역시 계양구 양지로 39 | 인천광역시 계양구 동양동 604-1 솔향기마을 2단지 모퉁이,1,[2019],mobile,
gyeyang_wydjsqh5_001,national_standard,gyeyang,37.562895,126.755058,wydjsqh,wydjsqh5,동양동,인천광역시 계양구 양지말3길 3,인천광역시 계양구 동양동 601-9,인천광역시 계양구 양지말3길 3 | 인천광역시 계양구 동양동 601-9,1,[2020],mobile,
gyeyang_wydjsqjk_001,national_standard,gyeyang,37.563087,126.756699,wydjsqj,wydjsqjk,동양동,인천광역시 계양구 순강길 63,인천광역시 계양구 동양동 597-7 대원사건너편,인천광역시 계양구 순강길 63 | 인천광역시 계양구 동양동 597-7 대원사건너편,2,[2019],mobile,
gyeyang_wydjsqk4_001,national_standard,gyeyang,37.564021,126.755085,wydjsqk,wydjsqk4,동양동,인천광역시 계양구 양지말3길 6-3,인천광역시 계양구 동양동 594-1,인천광역시 계양구 양지말3길 6-3 | 인천광역시 계양구 동양동 594-1,1,[2022],mobile,
gyeyang_wydjsqm8_001,national_standard,gyeyang,37.563733,126.756998,wydjsqm,wydjsqm8,동양동,인천광역시 계양구 순강길 67,인천광역시 계양구 동양동 597-1,인천광역시 계양구 순강길 67 | 인천광역시 계양구 동양동 597-1,2,[2021],mobile,
gyeyang_wydjsr0h_001,national_standard,gyeyang,37.568558,126.74942,wydjsr0,wydjsr0h,귤현동,인천광역시 계양구 굴재길 20-3,인천광역시 계양구 귤현동 490-15,인천광역시 계양구 굴재길 20-3 | 인천광역시 계양구 귤현동 490-15,2,[2019],mobile,
gyeyang_wydjst81_001,national_standard,gyeyang,37.559829,126.760557,wydjst8,wydjst81,동양동,인천광역시 계양구 당미1길 43-2 힐스토리 앞,인천광역시 계양구 동양동 630-4,인천광역시 계양구 당미1길 43-2 힐스토리 앞 | 인천광역시 계양구 동양동 630-4,1,[2021],mobile,
gyeyang_wydjst8g_001,national_standard,gyeyang,37.560147,126.761314,wydjst8,wydjst8g,동양동,인천광역시 계양구 당미1길 45-10,인천광역시 계양구 동양동 628-3,인천광역시 계양구 당미1길 45-10 | 인천광역시 계양구 동양동 628-3,1,[2020],mobile,
gyeyang_wydjst8w_001,national_standard,gyeyang,37.560593,126.761162,wydjst8,wydjst8w,동양동,인천광역시 계양구 당미2길 49,인천광역시 계양구 동양동 627-2,인천광역시 계양구 당미2길 49 | 인천광역시 계양구 동양동 627-2,1,[2019],mobile,
gyeyang_wydjstb2_001,national_standard,gyeyang,37.560942,126.760879,wydjstb,wydjstb2,동양동,인천광역시 계양구 둥그재산길 56,인천광역시 계양구 동양동 589-3,인천광역시 계양구 둥그재산길 56 | 인천광역시 계양구 동양동 589-3,2,[2019],mobile,
gyeyang_wydjstc0_001,national_standard,gyeyang,37.560975,126.761866,wydjstc,wydjstc0,동양동,인천광역시 계양구 둥그재산길 61,인천광역시 계양구 동양동 167-6,인천광역시 계양구 둥그재산길 61 | 인천광역시 계양구 동양동 167-6,1,[2020],mobile,
gyeyang_wydju0yp_001,national_standard,gyeyang,37.578704,126.746552,wydju0y,wydju0yp,선주지동,인천광역시 계양구 선주로54번길 13,인천광역시 계양구 선주지동 114-10,인천광역시 계양구 선주로54번길 13 | 인천광역시 계양구 선주지동 114-10,1,[2022],mobile,
gyeyang_wydju1jx_001,national_standard,gyeyang,37.580078,126.746172,wydju1j,wydju1jx,선주지동,인천광역시 계양구 선주로 49,인천광역시 계양구 선주지동 48-1,인천광역시 계양구 선주로 49 | 인천광역시 계양구 선주지동 48-1,1,[2022],mobile,
gyeyang_wydju1kd_001,national_standard,gyeyang,37.580465,126.744687,wydju1k,wydju1kd,선주지동,인천광역시 계양구 선주로 34번길 1,인천광역시 계양구 선주지동 122-2,인천광역시 계양구 선주로 34번길 1 | 인천광역시 계양구 선주지동 122-2,2,[2019],mobile,
gyeyang_wydju1pm_001,national_standard,gyeyang,37.579671,126.748556,wydju1p,wydju1pm,선주지동,인천광역시 계양구 선주지동 79-2,인천광역시 계양구 선주지동 79-2,인천광역시 계양구 선주지동 79-2 | 인천광역시 계양구 선주지동 79-2,2,[2023],mobile,
gyeyang_wydju50h_001,national_standard,gyeyang,37.590478,126.73849,wydju50,wydju50h,이화동,인천광역시 계양구 이화동 248-7,인천광역시 계양구 이화동 248-7,인천광역시 계양구 이화동 248-7 | 인천광역시 계양구 이화동 248-7,1,[2023],mobile,
gyeyang_wydjubvt_001,national_standard,gyeyang,37.578291,126.778904,wydjubv,wydjubvt,상야동,인천광역시 계양구 상야동 36-3,인천광역시 계양구 상야동 36-3,인천광역시 계양구 상야동 36-3 | 인천광역시 계양구 상야동 36-3,1,[2023],mobile,
gyeyang_wydjuc0n_001,national_standard,gyeyang,37.579831,126.771328,wydjuc0,wydjuc0n,상야동,인천광역시 계양구 상야동 395-17,인천광역시 계양구 상야동 395-17,인천광역시 계양구 상야동 395-17 | 인천광역시 계양구 상야동 395-17,2,[2023],mobile,
gyeyang_wydjuc6s_001,national_standard,gyeyang,37.580861,126.774736,wydjuc6,wydjuc6s,평동,인천광역시 계양구 평동 37-12,인천광역시 계양구 평동 37-12,인천광역시 계양구 평동 37-12 | 인천광역시 계양구 평동 37-12,3,[2021],mobile,
gyeyang_wydjucjd_001,national_standard,gyeyang,37.579227,126.778983,wydjucj,wydjucjd,상야동,인천광역시 계양구 벌말로 569,인천광역시 계양구 상야동 141-4 상야분교 정문(벌말매운탕),인천광역시 계양구 벌말로 569 | 인천광역시 계양구 상야동 141-4 상야분교 정문(벌말매운탕),2,[2021],mobile,
gyeyang_wydjucm8_001,national_standard,gyeyang,37.580278,126.778857,wydjucm,wydjucm8,상야동,인천광역시 계양구 벌말로 573번길 10-3,인천광역시 계양구 상야동 12-8,인천광역시 계양구 벌말로 573번길 10-3 | 인천광역시 계양구 상야동 12-8,1,[2019],mobile,
gyeyang_wydjucqt_001,national_standard,gyeyang,37.580988,126.780297,wydjucq,wydjucqt,하야동,인천광역시 계양구 벌말로 594 앞 한전주,인천광역시 계양구 하야동 40-19,인천광역시 계양구 벌말로 594 앞 한전주 | 인천광역시 계양구 하야동 40-19,1,[2021],mobile,
gyeyang_wydjucwz_001,national_standard,gyeyang,37.582748,126.780693,wydjucw,wydjucwz,하야동,인천광역시 계양구 벌말로 609번길,인천광역시 계양구 하야동 64-39,인천광역시 계양구 벌말로 609번길 | 인천광역시 계양구 하야동 64-39,2,[2019],mobile,
gyeyang_wydjucz4_001,national_standard,gyeyang,37.583278,126.781192,wydjucz,wydjucz4,하야동,인천광역시 계양구 벌말로611번길 5 옆,인천광역시 계양구 하야동 64-29,인천광역시 계양구 벌말로611번길 5 옆 | 인천광역시 계양구 하야동 64-29,1,[2021],mobile,
junggu_wy9uuwnm_001,national_standard,junggu,37.4313402,126.4173553,wy9uuwn,wy9uuwnm,덕교동,인천광역시 중구 마시란로 107-11,인천광역시 중구 덕교동 662-6,인천광역시 중구 덕교동 662-6,1,[2019],fixed,
junggu_wy9vh1n4_001,national_standard,junggu,37.44727502,126.3949944,wy9vh1n,wy9vh1n4,을왕동,인천광역시 중구 마시란로 378,인천광역시 중구 을왕동 179-99,인천광역시 중구 을왕동 179-99,1,[2008],fixed,
junggu_wy9vh26s_001,national_standard,junggu,37.44349376,126.4011999,wy9vh26,wy9vh26s,남북동,,인천광역시 중구 남북동 928-22,인천광역시 중구 남북동 928-22,1,[2019],fixed,
junggu_wy9vh4np_001,national_standard,junggu,37.45364572,126.3950392,wy9vh4n,wy9vh4np,을왕동,인천광역시 중구 을왕동504-3,인천광역시 중구 을왕동504-3,인천광역시 중구 을왕동504-3,1,[2018],fixed,
junggu_wy9vh9qq_001,national_standard,junggu,37.44943202,126.4173248,wy9vh9q,wy9vh9qq,남북동,인천광역시 중구 남북동225-2,인천광역시 중구 남북동225-2,인천광역시 중구 남북동225-2,1,[2018],fixed,
junggu_wy9vq1wd_001,national_standard,junggu,37.49405586,126.4837915,wy9vq1w,wy9vq1wd,운서동,인천광역시 중구 눈돌로13번길 8,인천광역시 중구 운서동 2766-1,인천광역시 중구 운서동 2766-1,1,[2019],fixed,
junggu_wy9vq367_001,national_standard,junggu,37.4927508,126.4888272,wy9vq36,wy9vq367,운서동,인천광역시 중구 중구 흰바위로 35,인천광역시 중구 운서동2793-2,인천광역시 중구 운서동2793-2,1,[2015],fixed,
junggu_wy9vq3s6_001,national_standard,junggu,37.49406758,126.4917521,wy9vq3s,wy9vq3s6,운서동,인천광역시 중구 신도시남로 142번길,인천광역시 중구 신도시남로 142번길,인천광역시 중구 신도시남로 142번길,1,[2017],fixed,
junggu_wy9vr3k2_001,national_standard,junggu,37.49236662,126.5356268,wy9vr3k,wy9vr3k2,운남동,인천광역시 중구 운중로 14번길,인천광역시 중구 운남동416-6,인천광역시 중구 운남동416-6,1,[2013],fixed,
junggu_wy9vr9b6_001,national_standard,junggu,37.49530962,126.5411897,wy9vr9b,wy9vr9b6,운남동,인천광역시 중구 운중로65번길 31-3,인천광역시 중구 운남동534-12,인천광역시 중구 운남동534-12,1,[2015],fixed,
junggu_wy9vrdmh_001,national_standard,junggu,37.49843449,126.5476428,wy9vrdm,wy9vrdmh,중산동,인천광역시 중구 운중로177번길 54,인천광역시 중구 중산동 1346-3,인천광역시 중구 중산동 1346-3,1,[2019],fixed,
junggu_wy9vrjh8_001,national_standard,junggu,37.512875,126.5248657,wy9vrjh,wy9vrjh8,운북동,인천광역시 중구 백운로414번길 83-16,인천광역시 중구 운북동 457-46,인천광역시 중구 운북동 457-46,1,[2019],fixed,
junggu_wy9vw87u_001,national_standard,junggu,37.5313662,126.5019937,wy9vw87,wy9vw87u,운북동,인천광역시 중구 중구 예단포1로 2-9,인천광역시 중구 중구 운북동 1264,인천광역시 중구 중구 운북동 1264,1,[2022],fixed,
junggu_wydj09p9_001,national_standard,junggu,37.44718091,126.595081,wydj09p,wydj09p9,항동7가,인천광역시 중구 연안부두로 148번길,인천광역시 중구 연안부두로 148번길,인천광역시 중구 연안부두로 148번길,1,[2017],fixed,
junggu_wydj0bft_001,national_standard,junggu,37.44652423,126.5989696,wydj0bf,wydj0bft,항동7가,인천광역시 중구 연안부두로 135,인천광역시 중구 항동7가 72,인천광역시 중구 항동7가 72,1,[2019],fixed,
junggu_wydj0cvg_001,national_standard,junggu,37.4516586,126.603639,wydj0cv,wydj0cvg,항동7가,인천광역시 중구 축항대로86번길 62,인천광역시 중구 중구 항동7가 58-148,인천광역시 중구 중구 항동7가 58-148,1,[2008],fixed,
junggu_wydj0fks_001,national_standard,junggu,37.4546207,126.6019447,wydj0fk,wydj0fks,항동7가,인천광역시 중구 연안부두로 41-2,인천광역시 중구  중구 항동7가 58-48,인천광역시 중구  중구 항동7가 58-48,1,[2010],fixed,
junggu_wydj0fw8_001,national_standard,junggu,37.4552495,126.6045694,wydj0fw,wydj0fw8,항동7가,인천광역시 중구 중구 연안부두로21번길 12,인천광역시 중구 중구 항동7가 27-133,인천광역시 중구 중구 항동7가 27-133,1,[2008],fixed,
junggu_wydj12xt_001,national_standard,junggu,37.44506942,126.6278252,wydj12x,wydj12xt,신흥동3가,인천광역시 중구 신흥동3가 45-5,인천광역시 중구 신흥동3가 45-5,인천광역시 중구 신흥동3가 45-5,1,[2018],fixed,
junggu_wydj1461_001,national_standard,junggu,37.45398058,126.6093077,wydj146,wydj1461,항동7가,인천광역시 중구 항동 7가 27-173,인천광역시 중구 항동 7가 27-173,인천광역시 중구 항동 7가 27-173,1,[2018],fixed,
junggu_wydj1ev0_001,national_standard,junggu,37.46206001,126.6353709,wydj1ev,wydj1ev0,신흥동3가,인천광역시 중구 서해대로410번길 41-1,인천광역시 중구 신흥동3가 28-6,인천광역시 중구 신흥동3가 28-6,1,[2019],fixed,
junggu_wydj1evj_001,national_standard,junggu,37.46289126,126.6355706,wydj1ev,wydj1evj,신흥동3가,인천광역시 중구 신흥동 3가 38-4,인천광역시 중구 신흥동 3가 38-4,인천광역시 중구 신흥동 3가 38-4,1,[2018],fixed,
junggu_wydj1ez1_001,national_standard,junggu,37.46225342,126.6380802,wydj1ez,wydj1ez1,신흥동3가,인천광역시 중구 중구 제물량로24번길 16-1,인천광역시 중구 신흥동3가 31-58,인천광역시 중구 신흥동3가 31-58,1,[2022],fixed,
junggu_wydj1kyp_001,national_standard,junggu,37.46879593,126.6257076,wydj1ky,wydj1kyp,사동,인천광역시 중구 사동 15-22,인천광역시 중구 사동 15-22,인천광역시 중구 사동 15-22,1,[2017],fixed,
junggu_wydj1kys_001,national_standard,junggu,37.4683532,126.6265225,wydj1ky,wydj1kys,사동,인천광역시 중구 중구 인중로164번길 20,인천광역시 중구 중구 사동 30-41,인천광역시 중구 중구 사동 30-41,1,[2009],fixed,
junggu_wydj1kzx_001,national_standard,junggu,37.4687147,126.6278967,wydj1kz,wydj1kzx,신생동,인천광역시 중구 중구 우현로20번길 21,인천광역시 중구 중구 신생동 11-30,인천광역시 중구 중구 신생동 11-30,1,[2022],fixed,
junggu_wydj1mms_001,national_standard,junggu,37.47105854,126.6250218,wydj1mm,wydj1mms,신포동,인천광역시 중구 중구 우현로35번길 23-1,인천광역시 중구 신포동26-22,인천광역시 중구 신포동26-22,1,[2022],fixed,
junggu_wydj1mp0_001,national_standard,junggu,37.4690295,126.6273308,wydj1mp,wydj1mp0,신생동,인천광역시 중구 중구 우현로20번길 11,인천광역시 중구 중구 신생동 10-37,인천광역시 중구 중구 신생동 10-37,1,[2008],fixed,
junggu_wydj1mr6_001,national_standard,junggu,37.47065411,126.6274372,wydj1mr,wydj1mr6,신포동,인천광역시 중구 신포동 17-2,인천광역시 중구 신포동 17-2,인천광역시 중구 신포동 17-2,1,[2017],fixed,
junggu_wydj1mt0_001,national_standard,junggu,37.47167049999999,126.6244638,wydj1mt,wydj1mt0,중앙동4가,인천광역시 중구 중구 개항로 15-1,인천광역시 중구 중구 중앙동4가 4-7,인천광역시 중구 중구 중앙동4가 4-7,1,[2022],fixed,
junggu_wydj1mt3_001,national_standard,junggu,37.47181419,126.6249176,wydj1mt,wydj1mt3,관동3가,인천광역시 중구 중구 개항로 19-1,인천광역시 중구 관동3가 3-6,인천광역시 중구 관동3가 3-6,1,[2014],fixed,
junggu_wydj1mu6_001,national_standard,junggu,37.47334732,126.6234877,wydj1mu,wydj1mu6,송학동2가,인천광역시 중구 송학동 2가 16-7,인천광역시 중구 송학동 2가 16-7,인천광역시 중구 송학동 2가 16-7,1,[2017],fixed,
junggu_wydj1mwu_001,national_standard,junggu,37.47240562,126.6269643,wydj1mw,wydj1mwu,내동,인천광역시 중구 신포로 46번길,인천광역시 중구 신포로 46번길,인천광역시 중구 신포로 46번길,1,[2017],fixed,
junggu_wydj1mzk_001,national_standard,junggu,37.47381774,126.6275263,wydj1mz,wydj1mzk,내동,인천광역시 중구 중구 송학로 37,인천광역시 중구 내동3,인천광역시 중구 내동3,1,[2015],fixed,
junggu_wydj1mzx_001,national_standard,junggu,37.47427144,126.6278007,wydj1mz,wydj1mzx,내동,인천광역시 중구 중구 자유공원로27번길 13-1,인천광역시 중구 내동 5-18,인천광역시 중구 내동 5-18,1,[2022],fixed,
junggu_wydj1px3_001,national_standard,junggu,37.48282837,126.6167335,wydj1px,wydj1px3,북성동1가,인천광역시 중구 북성동 1가 3-7,인천광역시 중구 북성동 1가 3-7,인천광역시 중구 북성동 1가 3-7,1,[2018],fixed,
junggu_wydj1q07_001,national_standard,junggu,37.47502915,126.6178155,wydj1q0,wydj1q07,선린동,인천광역시 중구 차이나타운로 52번길 15,인천광역시 중구 차이나타운로 52번길 15,인천광역시 중구 차이나타운로 52번길 15,1,[2017],fixed,
junggu_wydj1q8f_001,national_standard,junggu,37.4775999,126.6187191,wydj1q8,wydj1q8f,북성동2가,인천광역시 중구 차이나타운로26번길12-48,인천광역시 중구 중구 북성동2가 8-17,인천광역시 중구 중구 북성동2가 8-17,1,[2008],fixed,
junggu_wydj1qdx_001,national_standard,junggu,37.4783373,126.621022,wydj1qd,wydj1qdx,송월동3가,인천광역시 중구 중구 동화마을안길 22,인천광역시 중구 송월동3가 3-77,인천광역시 중구 송월동3가 3-77,1,[2015],fixed,
junggu_wydj1qpm_001,national_standard,junggu,37.4752531,126.6274909,wydj1qp,wydj1qpm,내동,인천광역시 중구 자유공원로31,인천광역시 중구 중구 내동 2-9,인천광역시 중구 중구 내동 2-9,1,[2010],fixed,
junggu_wydj1qq6_001,national_standard,junggu,37.4761545,126.6261524,wydj1qq,wydj1qq6,전동,인천광역시 중구 전동로8번길 1,인천광역시 중구 중구 전동 28-26,인천광역시 중구 중구 전동 28-26,1,[2009],fixed,
junggu_wydj1qre_001,national_standard,junggu,37.4764166,126.6278632,wydj1qr,wydj1qre,전동,인천광역시 중구 전동 17-18,인천광역시 중구 전동 17-18,인천광역시 중구 전동 17-18,1,[2018],fixed,
junggu_wydj1quq_001,national_standard,junggu,37.4796713,126.6233831,wydj1qu,wydj1quq,송월동1가,인천광역시 중구 송월로 2,인천광역시 중구 송월동1가 12-9,인천광역시 중구 송월동1가 12-9,1,[2019],fixed,
junggu_wydj1qyf_001,national_standard,junggu,37.47894633,126.6269012,wydj1qy,wydj1qyf,전동,인천광역시 중구 중구 참외전로56번길 14,인천광역시 중구 참외전로56번길16,인천광역시 중구 참외전로56번길16,1,[2010],fixed,
junggu_wydj1qyj_001,national_standard,junggu,37.47936809,126.6259777,wydj1qy,wydj1qyj,전동,인천광역시 중구 참외전로 52,인천광역시 중구 참외전로 52,인천광역시 중구 참외전로 52,1,[2017],fixed,
junggu_wydj1r2v_001,national_standard,junggu,37.48222742,126.6185084,wydj1r2,wydj1r2v,만석동,인천광역시 중구 중구 제물량로335번길 52,인천광역시 중구 북성동1가 1-112,인천광역시 중구 북성동1가 1-112,1,[2009],fixed,
junggu_wydj1rj6_001,national_standard,junggu,37.48028242,126.6247965,wydj1rj,wydj1rj6,송월동1가,인천광역시 중구 중구 참외전로39번길 14,인천광역시 중구 송월동1가4-46,인천광역시 중구 송월동1가4-46,1,[2008],fixed,
junggu_wydj1sb9_001,national_standard,junggu,37.4676833,126.6294408,wydj1sb,wydj1sb9,답동,인천광역시 중구 중구 우현로20번길 59,인천광역시 중구 중구 답동 54-24,인천광역시 중구 중구 답동 54-24,1,[2022],fixed,
junggu_wydj1sc2_001,national_standard,junggu,37.46765888,126.6302162,wydj1sc,wydj1sc2,신흥동1가,인천광역시 중구 인중로144번길 54-2,인천광역시 중구 신흥동1가40-1,인천광역시 중구 신흥동1가40-1,1,[2008],fixed,
junggu_wydj1smw_001,national_standard,junggu,37.46590906,126.6362958,wydj1sm,wydj1smw,선화동,인천광역시 중구 서해대로 454번길13,인천광역시 중구 선화동 32-2,인천광역시 중구 선화동 32-2,1,[2022],fixed,
junggu_wydj1spw_001,national_standard,junggu,37.46454205,126.6388639,wydj1sp,wydj1spw,선화동,인천광역시 중구 중구 도원로8번길 45,인천광역시 중구 선화동17-5 신흥공구상가 성원기계앞,인천광역시 중구 선화동17-5 신흥공구상가 성원기계앞,1,[2008],fixed,
junggu_wydj1sr3_001,national_standard,junggu,37.46495344,126.6385965,wydj1sr,wydj1sr3,선화동,인천광역시 중구 인중로50번길 30,인천광역시 중구 선화동 14-9,인천광역시 중구 선화동 14-9,1,[2015],fixed,
junggu_wydj1srn_001,national_standard,junggu,37.46579698,126.6382986,wydj1sr,wydj1srn,도원동,인천광역시 중구 도원로26번길 27,인천광역시 중구 도원동 41-22,인천광역시 중구 도원동 41-22,1,[2018],fixed,
junggu_wydj1stq_001,national_standard,junggu,37.46727299,126.6358075,wydj1st,wydj1stq,신흥동2가,인천광역시 중구 중구 서해대로 466,인천광역시 중구 신흥동2가 1-61,인천광역시 중구 신흥동2가 1-61,1,[2008],fixed,
junggu_wydj1suj_001,national_standard,junggu,37.46839709,126.6340575,wydj1su,wydj1suj,신흥동2가,인천광역시 중구 중구 율목로 13-9,인천광역시 중구 신흥동2가 22-100,인천광역시 중구 신흥동2가 22-100,1,[2010],fixed,
junggu_wydj1svd_001,national_standard,junggu,37.46790017,126.6362822,wydj1sv,wydj1svd,신흥동2가,인천광역시 중구 서해대로464번길 1-30,인천광역시 중구 신흥동2가 1-82,인천광역시 중구 신흥동2가 1-82,1,[2022],fixed,
junggu_wydj1swq_001,national_standard,junggu,37.46718091,126.6371996,wydj1sw,wydj1swq,도원동,인천광역시 중구 도원로 29,인천광역시 중구 도원동28-51,인천광역시 중구 도원동28-51,1,[2013],fixed,
junggu_wydj1sx8_001,national_standard,junggu,37.46628249,126.6389907,wydj1sx,wydj1sx8,도원동,인천광역시 중구 도원로10번길 46-11,인천광역시 중구 도원동 46-8,인천광역시 중구 도원동 46-8,1,[2022],fixed,
junggu_wydj1szg_001,national_standard,junggu,37.46815923,126.6392167,wydj1sz,wydj1szg,도원동,인천광역시 중구 참외전로244번길 23,인천광역시 중구 도원동 72-2,인천광역시 중구 도원동 72-2,2,[2022],fixed,
junggu_wydj1t38_001,national_standard,junggu,37.47032967,126.6305406,wydj1t3,wydj1t38,답동,인천광역시 중구 답동로 19,인천광역시 중구 답동로 19,인천광역시 중구 답동로 19,1,[2017],fixed,
junggu_wydj1t7h_001,national_standard,junggu,37.47095103,126.6328467,wydj1t7,wydj1t7h,율목동,인천광역시 중구 중구 율목로 49,인천광역시 중구 율목동231-19,인천광역시 중구 율목동231-19,1,[2008],fixed,
junggu_wydj1t7w_001,national_standard,junggu,37.47142782,126.6335616,wydj1t7,wydj1t7w,율목동,인천광역시 중구 중구 개항로96번길 15,인천광역시 중구 율목동 27,인천광역시 중구 율목동 27,1,[2013],fixed,
junggu_wydj1t9t_001,national_standard,junggu,37.47253921,126.6307151,wydj1t9,wydj1t9t,용동,인천광역시 중구 중구 우현로62번길 23-4,인천광역시 중구 용동234 능인사 앞,인천광역시 중구 용동234 능인사 앞,1,[2008],fixed,
junggu_wydj1tdz_001,national_standard,junggu,37.47282764,126.6322812,wydj1td,wydj1tdz,경동,인천광역시 중구 중구 큰우물로 8-9,인천광역시 중구 경동 155,인천광역시 중구 경동 155,1,[2008],fixed,
junggu_wydj1teg_001,national_standard,junggu,37.47214275,126.6338312,wydj1te,wydj1teg,경동,인천광역시 중구 중구 개항로 102-1,인천광역시 중구 경동119-2,인천광역시 중구 경동119-2,1,[2022],fixed,
junggu_wydj1th9_001,national_standard,junggu,37.4691427,126.6346431,wydj1th,wydj1th9,율목동,인천광역시 중구 중구 율목로 16-36,인천광역시 중구 율목동247-13,인천광역시 중구 율목동247-13,1,[2008],fixed,
junggu_wydj1tj4_001,national_standard,junggu,37.4693472,126.6355466,wydj1tj,wydj1tj4,율목동,인천광역시 중구 서해대로483번길 3,인천광역시 중구 중구 율목동 247-3,인천광역시 중구 중구 율목동 247-3,1,[2014],fixed,
junggu_wydj1tk0_001,national_standard,junggu,37.4704168,126.6341791,wydj1tk,wydj1tk0,율목동,인천광역시 중구 율목로32번길 15-1,인천광역시 중구 율목동167,인천광역시 중구 율목동167,1,[2009],fixed,
junggu_wydj1tnk_001,national_standard,junggu,37.46963302,126.6373134,wydj1tn,wydj1tnk,유동,인천광역시 중구 유동 17-11,인천광역시 중구 유동 17-11,인천광역시 중구 유동 17-11,1,[2018],fixed,
junggu_wydj1tp3_001,national_standard,junggu,37.46914196,126.6384867,wydj1tp,wydj1tp3,도원동,인천광역시 중구 도원로 54-1,인천광역시 중구 도원로 54-1,인천광역시 중구 도원로 54-1,1,[2017],fixed,
junggu_wydj1u05_001,national_standard,junggu,37.46401731,126.6394612,wydj1u0,wydj1u05,신흥동3가,인천광역시 중구 중구 인중로34번길 14,인천광역시 중구 신흥동3가 18-24,인천광역시 중구 신흥동3가 18-24,1,[2015],fixed,
junggu_wydj1uc5_001,national_standard,junggu,37.46802636,126.6409825,wydj1uc,wydj1uc5,도원동,인천광역시 중구 샛골로43번길 39,인천광역시 중구 도원동 12-61,인천광역시 중구 도원동 12-61,1,[2009],fixed,
junggu_wydj1w0t_001,national_standard,junggu,37.4752536,126.6291366,wydj1w0,wydj1w0t,인현동,인천광역시 중구 중구 우현로87번길 30,인천광역시 중구 중구 인현동 17-12,인천광역시 중구 중구 인현동 17-12,1,[2014],fixed,
junggu_wydj1w1s_001,national_standard,junggu,37.47513479,126.6307695,wydj1w1,wydj1w1s,인현동,인천광역시 중구 중구 우현로 93-1,인천광역시 중구 우현로93-1,인천광역시 중구 우현로93-1,1,[2015],fixed,
michuhol_wydhfpee_001,district_file,michuhol,37.43933,126.6553199,wydhfpe,wydhfpee,학익1동,,학익동 561,학익동 561(공방),1,,mobile,
michuhol_wydhfpgt_001,district_file,michuhol,37.440945,126.6552804,wydhfpg,wydhfpgt,학익1동,노적산로 54번길 2,,노적산로 54번길 2(민솔가스),1,,mobile,
michuhol_wydhfr6g_001,district_file,michuhol,37.4379518,126.665166,wydhfr6,wydhfr6g,학익1동,,학익동 155-2,학익동 155-2(학익배수지),1,,mobile,
michuhol_wydhfrdu_001,district_file,michuhol,37.4393711,126.6654282,wydhfrd,wydhfrdu,학익1동,,학익동 685-8,학익동 685-8(시온빌라),1,,mobile,
michuhol_wydhfre0_001,district_file,michuhol,37.438702,126.6656182,wydhfre,wydhfre0,학익1동,,학익동 686-3,학익동 686-3(인천교회 뒤),1,,mobile,
michuhol_wydhfrkd_001,district_file,michuhol,37.4376723,126.6676481,wydhfrk,wydhfrkd,학익1동,,학익동 96-16,학익동 96-16(학익배수지),1,,mobile,
michuhol_wydhfrvj_001,district_file,michuhol,37.4410006,126.668431,wydhfrv,wydhfrvj,학익1동,,학익동 250-9,학익동 250-9(오점오닭갈비),1,,mobile,
michuhol_wydhfx8u_001,district_file,michuhol,37.439365,126.6736086,wydhfx8,wydhfx8u,학익2동,,,롯데리아 앞 인도,1,,mobile,
michuhol_wydhfxe3_001,district_file,michuhol,37.4389971,126.6769483,wydhfxe,wydhfxe3,학익2동,매소홀로488번길 5-17,,매소홀로488번길 5-17(우영홈타운 B동 앞),1,,mobile,
michuhol_wydhfxkx_001,district_file,michuhol,37.4386508,126.6788646,wydhfxk,wydhfxkx,문학동,매소홀로514번길 14-1 선광하이츠빌,,  매소홀로514번길 14-1 선광하이츠빌,1,,mobile,
michuhol_wydhfxpr_001,district_file,michuhol,37.437162,126.682507,wydhfxp,wydhfxpr,문학동,소성로318번길 18-11 두한하이츠빌,,  매소홀로318번길 18-11 두한하이츠빌,1,,mobile,
michuhol_wydhfxq5_001,district_file,michuhol,37.4378714,126.6808659,wydhfxq,wydhfxq5,문학동,소성로 301,,  소성로 301,1,,mobile,
michuhol_wydhfxq8_001,district_file,michuhol,37.4373747,126.6812926,wydhfxq,wydhfxq8,문학동,문학길 27,,  문학길 27,1,,mobile,
michuhol_wydhfxuc_001,district_file,michuhol,37.4403329,126.6790059,wydhfxu,wydhfxuc,문학동,승학길 15-12 동명센스빌,,  승학길 15-12 동명센스빌,1,,mobile,
michuhol_wydhfxvf_001,district_file,michuhol,37.4405172,126.6803077,wydhfxv,wydhfxvf,문학동,승학길 26번길 23 주영탑스빌,,  승학길 26번길 23 주영탑스빌,1,,mobile,
michuhol_wydhfxwz_001,district_file,michuhol,37.4399589,126.6816986,wydhfxw,wydhfxwz,문학동,매소홀로541번길 25-16,,  매소홀로541번길 25-16,1,,mobile,
michuhol_wydhfycj_001,district_file,michuhol,37.4354623,126.6848074,wydhfyc,wydhfycj,문학동,문학길125번길 17 한솔파크빌,,  문학길125번길 17 한솔파크빌,1,,mobile,
michuhol_wydhfyv7_001,district_file,michuhol,37.4350619,126.6907212,wydhfyv,wydhfyv7,문학동,매소홀로 618 문학경기장,,  매소홀로 618 문학경기장,1,,mobile,
michuhol_wydhfz6h_001,district_file,michuhol,37.4380096,126.6861844,wydhfz6,wydhfz6h,문학동,매소홀로576번길 9,,  매소홀로576번길 9,1,,mobile,
michuhol_wydhfz77_001,district_file,michuhol,37.4379681,126.6879381,wydhfz7,wydhfz77,문학동,매소홀로592번길 7,,매소홀로592번길 7,1,,fixed,
michuhol_wydj19g7_001,district_file,michuhol,37.4516015,126.6330204,wydj19g,wydj19g7,용현5동,,용현동 630-16,용현동 630-16,1,,mobile,
michuhol_wydj19t3_001,district_file,michuhol,37.4499851,126.6358884,wydj19t,wydj19t3,용현5동,낙섬중로 15,,낙섬중로 15,1,,mobile,
michuhol_wydj19th_001,district_file,michuhol,37.4504782,126.6355594,wydj19t,wydj19th,용현5동,낙섬서로18번길 26,,낙섬서로18번길 26,1,,mobile,
michuhol_wydj19uh_001,district_file,michuhol,37.4517714,126.6340148,wydj19u,wydj19uh,용현5동,,용현동 630-89,용현동 630-89,1,,mobile,
michuhol_wydj19y7_001,district_file,michuhol,37.4516821,126.6371855,wydj19y,wydj19y7,용현5동,낙섬중로 37,,낙섬중로 37,1,,mobile,
michuhol_wydj1cqc_001,district_file,michuhol,37.448465,126.648795,wydj1cq,wydj1cqc,용현5동,,,인하대역2번출구,1,,mobile,
michuhol_wydj1d5b_001,district_file,michuhol,37.4524348,126.6337255,wydj1d5,wydj1d5b,용현5동,토금남로4번길 5-27,,토금남로4번길 5-27,1,,mobile,
michuhol_wydj1dj4_001,district_file,michuhol,37.4528284,126.6353552,wydj1dj,wydj1dj4,용현5동,아암대로91번길 41,,아암대로91번길 41,1,,mobile,
michuhol_wydj1dju_001,district_file,michuhol,37.4530981,126.6364824,wydj1dj,wydj1dju,용현5동,토금중로 28,,토금중로 28,1,,mobile,
michuhol_wydj1dkx_001,district_file,michuhol,37.4550181,126.634923,wydj1dk,wydj1dkx,용현5동,토금중로3번길 18,,토금중로3번길 18,1,,mobile,
michuhol_wydj1dnd_001,district_file,michuhol,37.4528277,126.6376743,wydj1dn,wydj1dnd,용현5동,,용현동 622-129,용현동 622-129,1,,mobile,
michuhol_wydj1dnw_001,district_file,michuhol,37.4534823,126.6376684,wydj1dn,wydj1dnw,용현5동,,용현동 622-85,용현동 622-85,1,,mobile,
michuhol_wydj1dqc_001,district_file,michuhol,37.4539611,126.6380277,wydj1dq,wydj1dqc,용현5동,토금북로 36,,토금북로 36,1,,mobile,
michuhol_wydj1dvy_001,district_file,michuhol,37.4576123,126.6365618,wydj1dv,wydj1dvy,용현2동,아암대로 39,,아암대로 39,1,,mobile,
michuhol_wydj1dwk_001,district_file,michuhol,37.4559726,126.6370656,wydj1dw,wydj1dwk,용현5동,용오로16번길 7,,용오로16번길 7,1,,mobile,
michuhol_wydj1dzp_001,district_file,michuhol,37.4578624,126.6383463,wydj1dz,wydj1dzp,용현2동,,용현동 572-47,용현동 572-47,1,,mobile,
michuhol_wydj1f27_001,district_file,michuhol,37.4544441,126.6398535,wydj1f2,wydj1f27,용현5동,낙섬중로 76,,낙섬중로 76,1,,mobile,
michuhol_wydj1f3x_001,district_file,michuhol,37.4549795,126.6415912,wydj1f3,wydj1f3x,용현5동,아암대로45번길,,아암대로45번길,1,,mobile,
michuhol_wydj1fce_001,district_file,michuhol,37.457178,126.6415584,wydj1fc,wydj1fce,용현2동,,용현동 568-2,용현동 568-2,1,,mobile,
michuhol_wydj1fnz_001,district_file,michuhol,37.4536614,126.6488017,wydj1fn,wydj1fnz,용현3동,독배로 380,,독배로 380(인천소방 119 맞은편),1,,mobile,
michuhol_wydj1fps_001,district_file,michuhol,37.4531227,126.6497824,wydj1fp,wydj1fps,용현3동,독배로 376번길 17-66 맞은편,,독배로 376번길 17-66 맞은편,1,,mobile,
michuhol_wydj1fpu_001,district_file,michuhol,37.4531749,126.650231,wydj1fp,wydj1fpu,용현3동,독배로 382번길32,,독배로 382번길32 (국일빌라쪽),1,,mobile,
michuhol_wydj1fxp_001,district_file,michuhol,37.45634829999999,126.649141,wydj1fx,wydj1fxp,용현2동,인주대로 110,,인주대로 110,1,,mobile,
michuhol_wydj1fyr_001,district_file,michuhol,37.4577993,126.6482992,wydj1fy,wydj1fyr,용현2동,독배로 427-70,,독배로 427-70,1,,mobile,
michuhol_wydj1g19_001,district_file,michuhol,37.4581382,126.6416083,wydj1g1,wydj1g19,용현2동,능해길77번길 3,,능해길77번길 3,1,,mobile,
michuhol_wydj1g2r_001,district_file,michuhol,37.4605943,126.6398549,wydj1g2,wydj1g2r,숭의1·3동,인주대로 13,,인주대로 13,1,,mobile,
michuhol_wydj1g2x_001,district_file,michuhol,37.460615,126.6401462,wydj1g2,wydj1g2x,숭의1·3동,인주대로11번길 8-14,,인주대로11번길 8-14,1,,mobile,
michuhol_wydj1g30_001,district_file,michuhol,37.4593606,126.6409872,wydj1g3,wydj1g30,용현2동,,용현동 685-4,용현동 685-4,1,,mobile,
michuhol_wydj1g6k_001,district_file,michuhol,37.4599968,126.6426352,wydj1g6,wydj1g6k,숭의2동,인주대로35번길 12-10,,인주대로35번길 12-10 ,1,,mobile,
michuhol_wydj1g6q_001,district_file,michuhol,37.4603585,126.6428177,wydj1g6,wydj1g6q,숭의2동,석정로10번길 16,,석정로10번길 16,1,,mobile,
michuhol_wydj1g7s_001,district_file,michuhol,37.4600764,126.6444186,wydj1g7,wydj1g7s,숭의2동,석정로10번길 43,,석정로10번길 43,1,,mobile,
michuhol_wydj1geq_001,district_file,michuhol,37.4618195,126.6441276,wydj1ge,wydj1geq,숭의2동,독배로 496,,독배로 496,1,,mobile,
michuhol_wydj1ggg_001,district_file,michuhol,37.4625677,126.644853,wydj1gg,wydj1ggg,숭의2동,독배로492번길 23,,독배로492번길 23,1,,mobile,
michuhol_wydj1gh1_001,district_file,michuhol,37.4581625,126.6451797,wydj1gh,wydj1gh1,용현2동,인주대로 68,,인주대로 68,1,,mobile,
michuhol_wydj1gp8_001,district_file,michuhol,37.4579199,126.6497106,wydj1gp,wydj1gp8,용현3동,독배로 430,,독배로 430 (용현시장 인도),1,,mobile,
michuhol_wydj1gr5_001,district_file,michuhol,37.4597799,126.6490591,wydj1gr,wydj1gr5,숭의2동,장천로 38,,장천로 38,1,,mobile,
michuhol_wydj1gwm_001,district_file,michuhol,37.4616109,126.6480442,wydj1gw,wydj1gwm,숭의2동,경인로34번길 52,,경인로34번길 52,1,,mobile,
michuhol_wydj1gzp_001,district_file,michuhol,37.4632988,126.6490547,wydj1gz,wydj1gzp,숭의2동,경인로42번길 31,,경인로42번길 31,1,,mobile,
michuhol_wydj1ujx_001,district_file,michuhol,37.4646453,126.6472124,wydj1uj,wydj1ujx,숭의1·3동,미추로46번길 17,,미추로46번길 17,1,,mobile,
michuhol_wydj1umn_001,district_file,michuhol,37.4658362,126.6464327,wydj1um,wydj1umn,숭의1·3동,미추로64번길 13-6,,미추로64번길 13-6,1,,mobile,
michuhol_wydj1ump_001,district_file,michuhol,37.465992,126.64629,wydj1um,wydj1ump,숭의1·3동,석정로 76번길 12,,석정로 76번길 12,1,,fixed,
michuhol_wydj1v41_001,district_file,michuhol,37.46905,126.642348,wydj1v4,wydj1v41,숭의1·3동,,,도원역(3번 출구 인근) 축대,1,,mobile,
michuhol_wydj4048_001,district_file,michuhol,37.441475,126.6541377,wydj404,wydj4048,학익1동,,학익동 569-7,학익동 569-7(미도반점),1,,mobile,
michuhol_wydj41qt_001,district_file,michuhol,37.449181,126.659585,wydj41q,wydj41qt,용현1·4동,재넘이길 147-21 문화네트빌,,재넘이길 147-21 문화네트빌 ,1,,mobile,
michuhol_wydj41vd_001,district_file,michuhol,37.4513826,126.6580675,wydj41v,wydj41vd,용현5동,낙서뭉로38번길,,낙서뭉로38번길,1,,mobile,
michuhol_wydj41xx_001,district_file,michuhol,37.4510087,126.6608041,wydj41x,wydj41xx,용현1·4동,한나루로477번길 118-9,,한나루로477번길 118-9,1,,mobile,
michuhol_wydj423g_001,district_file,michuhol,37.44332139999999,126.6640391,wydj423,wydj423g,학익1동,소성로 135,,소성로 135,1,,fixed,
michuhol_wydj427k_001,district_file,michuhol,37.4435906,126.6659584,wydj427,wydj427k,학익2동,한나루로412번길 24,,한나루로412번길 24,1,,mobile,
michuhol_wydj42cb_001,district_file,michuhol,37.445677,126.6639125,wydj42c,wydj42cb,학익2동,재넘이길29번길 56-9,,재넘이길29번길 56-9(중앙그린빌라 앞),1,,mobile,
michuhol_wydj42fn_001,district_file,michuhol,37.4466906,126.6644169,wydj42f,wydj42fn,학익2동,재넘이길51번길 29,,재넘이길51번길 29,1,,mobile,
michuhol_wydj42fs_001,district_file,michuhol,37.4462726,126.6649086,wydj42f,wydj42fs,학익2동,재넘이길29번길 33,,재넘이길29번길 33,1,,mobile,
michuhol_wydj42gh_001,district_file,michuhol,37.4462514,126.6655193,wydj42g,wydj42gh,학익2동,재넘이길19번길 27 화이트빌 앞,,재넘이길19번길 27 화이트빌 앞,1,,mobile,
michuhol_wydj42jd_001,district_file,michuhol,37.4418527,126.6692236,wydj42j,wydj42jd,학익2동,소성로185번길 15,,소성로185번길 15,1,,mobile,
michuhol_wydj42r1_001,district_file,michuhol,37.4430071,126.6711021,wydj42r,wydj42r1,학익2동,학익소로61번길 21-11 해피하우스요양원 앞,,학익소로61번길 21-11 해피하우스요양원 앞,1,,mobile,
michuhol_wydj430x_001,district_file,michuhol,37.4481129,126.6623446,wydj430,wydj430x,용현1·4동,인하로134번길31 조은빌라,,인하로134번길31 조은빌라,1,,mobile,
michuhol_wydj431m_001,district_file,michuhol,37.4479281,126.663163,wydj431,wydj431m,용현1·4동,재넘이길77,,재넘이길77,1,,mobile,
michuhol_wydj434t_001,district_file,michuhol,37.4478189,126.6649102,wydj434,wydj434t,학익2동,,,재넘이길 언덕 한나루 공영주차장,1,,mobile,
michuhol_wydj438m_001,district_file,michuhol,37.45052889999999,126.6619468,wydj438,wydj438m,용현1·4동,한나루로477번길98,,한나루로477번길98,1,,mobile,
michuhol_wydj43g6_001,district_file,michuhol,37.4513992,126.6660164,wydj43g,wydj43g6,용현1·4동,,용현동11-12,용현동11-12,1,,mobile,
michuhol_wydj44kp_001,district_file,michuhol,37.4549886,126.6559222,wydj44k,wydj44kp,용현3동,비룡길11번길14,,비룡길11번길14,1,,mobile,
michuhol_wydj44nk_001,district_file,michuhol,37.4531747,126.659013,wydj44n,wydj44nk,용현1·4동,인하로47번길 94 백억커피,,인하로47번길 94 백억커피,1,,mobile,
michuhol_wydj44sx_001,district_file,michuhol,37.45634829999999,126.6568556,wydj44s,wydj44sx,용현1·4동,수봉남로6번길 13 앞,,수봉남로6번길 13 앞,1,,mobile,
michuhol_wydj44w2_001,district_file,michuhol,37.455192,126.6589832,wydj44w,wydj44w2,용현1·4동,인주대로197번길1,,인주대로197번길1,1,,mobile,
michuhol_wydj44xq_001,district_file,michuhol,37.4562694,126.6604498,wydj44x,wydj44xq,용현1·4동,수봉남로18번길 73,,수봉남로18번길 73,1,,mobile,
michuhol_wydj452f_001,district_file,michuhol,37.4596116,126.6516034,wydj452,wydj452f,숭의2동,독배로434번길 54-2,,독배로434번길 54-2,1,,mobile,
michuhol_wydj452z_001,district_file,michuhol,37.4605995,126.6515889,wydj452,wydj452z,숭의2동,장천로58번길 9-18,,장천로58번길 9-18 ,1,,mobile,
michuhol_wydj454f_001,district_file,michuhol,37.4582803,126.6542614,wydj454,wydj454f,용현3동,독정이로 26,,독정이로 26(월드하이츠),1,,mobile,
michuhol_wydj455f_001,district_file,michuhol,37.4582746,126.6555654,wydj455,wydj455f,용현3동,독정이로16번길 23,,독정이로16번길 23(다솜빌라) | 독정이로16번길23(계단 위쪽),2,,mobile,
michuhol_wydj457b_001,district_file,michuhol,37.4593443,126.6556223,wydj457,wydj457b,숭의4동,독정이로30번길 33,,독정이로30번길 33,1,,mobile,
michuhol_wydj45dq_001,district_file,michuhol,37.4617789,126.6536126,wydj45d,wydj45dq,숭의4동,,숭의동244-8,"숭의동244-8
(숭인감리교회 앞)",1,,mobile,
michuhol_wydj45h4_001,district_file,michuhol,37.4583525,126.6562173,wydj45h,wydj45h4,용현1·4동,수봉남로17번길20,,수봉남로17번길20,1,,mobile,
michuhol_wydj45pj_001,district_file,michuhol,37.4588085,126.6602786,wydj45p,wydj45pj,숭의4동,,숭의동 10-39,"숭의동 10-39
(인하순대 건너편)",1,,mobile,
michuhol_wydj45u2_001,district_file,michuhol,37.4621174,126.6562956,wydj45u,wydj45u2,숭의4동,장천로112번길 18,,장천로112번길 18,1,,mobile,
michuhol_wydj45uj_001,district_file,michuhol,37.4630272,126.6559084,wydj45u,wydj45uj,숭의4동,,숭의동36-2,"숭의동36-2
(숭의초교 앞)",1,,mobile,
michuhol_wydj461d_001,district_file,michuhol,37.4527907,126.6634953,wydj461,wydj461d,용현1·4동,인주대로244번길 32-3,,인주대로244번길 32-3,1,,fixed,
michuhol_wydj464m_001,district_file,michuhol,37.4533862,126.6647828,wydj464,wydj464m,주안2동,인주대로251번길 2,,인주대로251번길 2,1,,mobile,
michuhol_wydj46kj_001,district_file,michuhol,37.454642,126.6670259,wydj46k,wydj46kj,주안2동,인주대로251번길 58,,인주대로251번길 58,1,,mobile,
michuhol_wydj46mm_001,district_file,michuhol,37.4546921,126.6686921,wydj46m,wydj46mm,주안2동,인주대로251번길 88-7,,인주대로251번길 88-7,1,,mobile,
michuhol_wydj46th_001,district_file,michuhol,37.45594,126.6685672,wydj46t,wydj46th,주안2동,한나루로545,,한나루로545,1,,mobile,
michuhol_wydj46u1_001,district_file,michuhol,37.456843,126.6670998,wydj46u,wydj46u1,주안2동,경인북길357번길 1,,경인북길357번길 1,1,,mobile,
michuhol_wydj46vp_001,district_file,michuhol,37.4578791,126.6684103,wydj46v,wydj46vp,도화1동,경인북길387번길2,,경인북길387번길2,1,,mobile,
michuhol_wydj46ws_001,district_file,michuhol,37.4558905,126.6705383,wydj46w,wydj46ws,주안2동,한나루로556,,한나루로556,1,,mobile,
michuhol_wydj46x1_001,district_file,michuhol,37.4554106,126.6712939,wydj46x,wydj46x1,주안2동,한나루로550번길 21,,한나루로550번길 21,1,,mobile,
michuhol_wydj46y9_001,district_file,michuhol,37.4567552,126.6705487,wydj46y,wydj46y9,주안2동,한나루로563,,한나루로563,1,,mobile,
michuhol_wydj46yr_001,district_file,michuhol,37.4578282,126.6702082,wydj46y,wydj46yr,주안2동,한나루로573번길 24,,한나루로573번길 24,1,,mobile,
michuhol_wydj4758_001,district_file,michuhol,37.457987,126.6663641,wydj475,wydj4758,주안2동,,,수봉마을 쉼터,1,,mobile,
michuhol_wydj47cq_001,district_file,michuhol,37.463165,126.663335,wydj47c,wydj47cq,도화1동,수봉북로28,,수봉북로28,1,,mobile,
michuhol_wydj47js_001,district_file,michuhol,37.4586837,126.6690982,wydj47j,wydj47js,도화1동,경인북길409-6,,경인북길409-6,1,,mobile,
michuhol_wydj47n0_001,district_file,michuhol,37.4580517,126.6696192,wydj47n,wydj47n0,주안2동,경인남길 322,,경인남길 322,1,,mobile,
michuhol_wydj47nu_001,district_file,michuhol,37.4586165,126.6707877,wydj47n,wydj47nu,주안2동,한나루로585번길 17,,한나루로585번길 17,1,,mobile,
michuhol_wydj47q7_001,district_file,michuhol,37.45981,126.6701448,wydj47q,wydj47q7,도화1동,경인북길441,,경인북길441,1,,mobile,
michuhol_wydj47r4_001,district_file,michuhol,37.459724,126.6712007,wydj47r,wydj47r4,도화1동,한나루로599번길21,,한나루로599번길21,1,,mobile,
michuhol_wydj47st_001,district_file,michuhol,37.4616609,126.6678641,wydj47s,wydj47st,도화1동,경인로252번안길41-59,,경인로252번안길41-59,1,,mobile,
michuhol_wydj47we_001,district_file,michuhol,37.461209,126.6703636,wydj47w,wydj47we,도화1동,수봉로181번길51,,수봉로181번길51,1,,mobile,
michuhol_wydj47wk_001,district_file,michuhol,37.461333,126.6701286,wydj47w,wydj47wk,도화1동,경인북길471번길 17,,경인북길471번길 17,1,,mobile,
michuhol_wydj4896_001,district_file,michuhol,37.444543,126.6741353,wydj489,wydj4896,주안3동,신기길72번길 47-5,,신기길72번길 47-5,1,,mobile,
michuhol_wydj48cd_001,district_file,michuhol,37.4459941,126.6746025,wydj48c,wydj48cd,주안7동,인하로236번길 49-6,,인하로236번길 49-6,1,,mobile,
michuhol_wydj48cj_001,district_file,michuhol,37.446551,126.6737475,wydj48c,wydj48cj,주안3동,신기길30번길 53-9,,신기길30번길 53-9,1,,mobile,
michuhol_wydj48ex_001,district_file,michuhol,37.4455106,126.6771775,wydj48e,wydj48ex,주안7동,,주안동 1350-9,주안동 1350-9,1,,mobile,
michuhol_wydj48jw_001,district_file,michuhol,37.4425645,126.6801114,wydj48j,wydj48jw,주안7동,승학길76번길 6,,승학길76번길 6,1,,mobile,
michuhol_wydj48pq_001,district_file,michuhol,37.4424453,126.6824667,wydj48p,wydj48pq,주안8동,승학길76번길52,,승학길76번길52,1,,mobile,
michuhol_wydj48u1_001,district_file,michuhol,37.44576989999999,126.6779806,wydj48u,wydj48u1,주안7동,인하로266번길 51,,인하로266번길 51,1,,mobile,
michuhol_wydj48uk_001,district_file,michuhol,37.4463416,126.6784587,wydj48u,wydj48uk,주안7동,미추홀대로 547,,미추홀대로 547,2,,mobile,
michuhol_wydj490f_001,district_file,michuhol,37.4473167,126.6736828,wydj490,wydj490f,주안3동,인하로236번길 24-26,,인하로236번길 24-26,1,,mobile,
michuhol_wydj4910_001,district_file,michuhol,37.4470698,126.6737601,wydj491,wydj4910,주안3동,인하로236번길26-19,,인하로236번길26-19,1,,mobile,
michuhol_wydj491k_001,district_file,michuhol,37.4475912,126.6742898,wydj491,wydj491k,주안3동,인하로236번길 16,,인하로236번길 16,1,,mobile,
michuhol_wydj492h_001,district_file,michuhol,37.4490282,126.6726674,wydj492,wydj492h,주안3동,인하로221번길 11,,인하로221번길 11,1,,mobile,
michuhol_wydj494y_001,district_file,michuhol,37.4480903,126.6762506,wydj494,wydj494y,주안7동,인하로 254,,인하로 254,1,,mobile,
michuhol_wydj4965_001,district_file,michuhol,37.4488349,126.6753194,wydj496,wydj4965,주안7동,미추홀대로575번길 75,,미추홀대로575번길 75,1,,mobile,
michuhol_wydj496n_001,district_file,michuhol,37.44936879999999,126.6752701,wydj496,wydj496n,주안7동,인하로247번길 23-11,,인하로247번길 23-11,1,,mobile,
michuhol_wydj4974_001,district_file,michuhol,37.4486449,126.6766034,wydj497,wydj4974,주안7동,인하로257번길 7,,인하로257번길 7,1,,mobile,
michuhol_wydj498d_001,district_file,michuhol,37.450038,126.673268,wydj498,wydj498d,주안3동,미추홀대로587번길111,,미추홀대로587번길111,1,,mobile,
michuhol_wydj498f_001,district_file,michuhol,37.4500089,126.6734733,wydj498,wydj498f,주안3동,미추홀대로587번길 109,,미추홀대로587번길 109,1,,mobile,
michuhol_wydj4992_001,district_file,michuhol,37.4497102,126.6742606,wydj499,wydj4992,주안3동,인하로235번길 27,,인하로235번길 27,1,,mobile,
michuhol_wydj49qk_001,district_file,michuhol,37.4490696,126.6810804,wydj49q,wydj49qk,주안8동,미추홀대로578번길21-1,,미추홀대로578번길21-1,1,,mobile,
michuhol_wydj49tf_001,district_file,michuhol,37.4500469,126.6804479,wydj49t,wydj49tf,주안8동,미추홀대로592번길10,,미추홀대로592번길10,1,,mobile,
michuhol_wydj49tt_001,district_file,michuhol,37.4505499,126.6801359,wydj49t,wydj49tt,주안8동,미추홀대로594,,미추홀대로594,1,,mobile,
michuhol_wydj49v0_001,district_file,michuhol,37.45113449999999,126.6795291,wydj49v,wydj49v0,주안7동,,주안동 1457-5,주안동 1457-5,1,,mobile,
michuhol_wydj49w5_001,district_file,michuhol,37.4503028,126.6808111,wydj49w,wydj49w5,주안8동,미추홀대로592번길15,,미추홀대로592번길15,1,,mobile,
michuhol_wydj49xn_001,district_file,michuhol,37.4507262,126.682303,wydj49x,wydj49xn,주안8동,미추홀대로598번길41,,미추홀대로598번길41,1,,mobile,
michuhol_wydj49zz_001,district_file,michuhol,37.4523923,126.6832738,wydj49z,wydj49zz,주안4동,인주대로417번길 24,,인주대로417번길 24,1,,mobile,
michuhol_wydj4b66_001,district_file,michuhol,37.4432633,126.6867437,wydj4b6,wydj4b66,관교동,주승로 152,,주승로 152,1,,mobile,
michuhol_wydj4bmw_001,district_file,michuhol,37.4438873,126.6911134,wydj4bm,wydj4bmw,관교동,경원대로686번길 4,,경원대로686번길 4,1,,mobile,
michuhol_wydj4bpq_001,district_file,michuhol,37.4425337,126.6935393,wydj4bp,wydj4bpq,관교동,경원대로658번길 17,,경원대로658번길 17,1,,mobile,
michuhol_wydj4bre_001,district_file,michuhol,37.4434346,126.6936493,wydj4br,wydj4bre,관교동,주승로 218,,주승로 218,1,,mobile,
michuhol_wydj4btv_001,district_file,michuhol,37.44516170000001,126.6913297,wydj4bt,wydj4btv,관교동,주승로 190,,주승로 190,1,,fixed,
michuhol_wydj4bwy_001,district_file,michuhol,37.4452831,126.6928209,wydj4bw,wydj4bwy,관교동,경원대로716번길 58,,경원대로716번길 58,1,,mobile,
michuhol_wydj4by0_001,district_file,michuhol,37.4456455,126.6918072,wydj4by,wydj4by0,관교동,주승로197번길 13-31,,주승로197번길 13-31,1,,mobile,
michuhol_wydj4c0m_001,district_file,michuhol,37.4477676,126.6837024,wydj4c0,wydj4c0m,주안8동,인하로320,,인하로320,1,,mobile,
michuhol_wydj4c0r_001,district_file,michuhol,37.4481474,126.683785,wydj4c0,wydj4c0r,주안8동,인하로319,,인하로319,1,,mobile,
michuhol_wydj4c32_001,district_file,michuhol,37.448409,126.6850905,wydj4c3,wydj4c32,주안8동,인하로329번길10-8,,인하로329번길10-8,1,,mobile,
michuhol_wydj4c38_001,district_file,michuhol,37.4484374,126.6856399,wydj4c3,wydj4c38,주안8동,인하로329번길10-28,,인하로329번길10-28,1,,mobile,
michuhol_wydj4c4h_001,district_file,michuhol,37.44764079999999,126.6863238,wydj4c4,wydj4c4h,주안8동,인하로340번길5-8,,인하로340번길5-8,1,,mobile,
michuhol_wydj4ccf_001,district_file,michuhol,37.451534,126.685938,wydj4cc,wydj4ccf,주안4동,동주길10번길 22,,동주길10번길 22,1,,mobile,
michuhol_wydj4cmd_001,district_file,michuhol,37.4487028,126.691099,wydj4cm,wydj4cmd,주안8동,경원대로744번길24,,경원대로744번길24,1,,mobile,
michuhol_wydj4cn5_001,district_file,michuhol,37.4475072,126.6919262,wydj4cn,wydj4cn5,주안8동,인하로394번길1,,인하로394번길1,1,,mobile,
michuhol_wydj4cnv_001,district_file,michuhol,37.4478154,126.6927876,wydj4cn,wydj4cnv,관교동,인하로405번길 11-57,,인하로405번길 11-57,1,,mobile,
michuhol_wydj4cp3_001,district_file,michuhol,37.4471335,126.6934073,wydj4cp,wydj4cp3,관교동,인하로405번길 6,,인하로405번길 6,1,,mobile,
michuhol_wydj4cq0_001,district_file,michuhol,37.4484137,126.6917174,wydj4cq,wydj4cq0,주안8동,인하로387-14,,인하로387-14,1,,mobile,
michuhol_wydj4cqm_001,district_file,michuhol,37.4492468,126.6922474,wydj4cq,wydj4cqm,주안8동,인주대로504번길24-11,,인주대로504번길24-11,1,,mobile,
michuhol_wydj4d98_001,district_file,michuhol,37.4552918,126.6745288,wydj4d9,wydj4d98,주안2동,제일로40번길 75,,제일로40번길 75,1,,mobile,
michuhol_wydj4ddv_001,district_file,michuhol,37.4561053,126.6763336,wydj4dd,wydj4ddv,주안2동,남주길125번길 49,,남주길125번길 49,1,,mobile,
michuhol_wydj4df5_001,district_file,michuhol,37.4571865,126.6753446,wydj4df,wydj4df5,도화1동,미추홀대로669번길 81,,미추홀대로669번길 81,1,,mobile,
michuhol_wydj4dgs_001,district_file,michuhol,37.4572181,126.6774287,wydj4dg,wydj4dgs,주안2동,미추홀대로669번길 43,,미추홀대로669번길 43,1,,mobile,
michuhol_wydj4dkw_001,district_file,michuhol,37.4548907,126.6786766,wydj4dk,wydj4dkw,주안2동,미추홀대로645번길 19,,미추홀대로645번길 19,1,,mobile,
michuhol_wydj4dng_001,district_file,michuhol,37.4529252,126.6817722,wydj4dn,wydj4dng,주안4동,인주대로407번길 33,,인주대로407번길 33,1,,mobile,
michuhol_wydj4dqn_001,district_file,michuhol,37.4548291,126.6809333,wydj4dq,wydj4dqn,주안4동,미추홀대로646번길 16,,미추홀대로646번길 16,1,,mobile,
michuhol_wydj4drf_001,district_file,michuhol,37.4541781,126.6831394,wydj4dr,wydj4drf,주안4동,인주대로417번길 61-1,,인주대로417번길 61-1,1,,mobile,
michuhol_wydj4dw1_001,district_file,michuhol,37.4554424,126.6807335,wydj4dw,wydj4dw1,주안4동,미추홀대로646번길 13-41,,미추홀대로646번길 13-41,1,,fixed,
michuhol_wydj4e0y_001,district_file,michuhol,37.4590722,126.6733965,wydj4e0,wydj4e0y,도화1동,제일로 27,,제일로 27,1,,mobile,
michuhol_wydj4e2m_001,district_file,michuhol,37.4602753,126.6729364,wydj4e2,wydj4e2m,도화1동,한나루로610,,한나루로610,1,,mobile,
michuhol_wydj4e34_001,district_file,michuhol,37.4596571,126.6739579,wydj4e3,wydj4e34,도화1동,,,삼라마트,1,,mobile,
michuhol_wydj4e3r_001,district_file,michuhol,37.460465,126.674147,wydj4e3,wydj4e3r,도화1동,,,도화1동 행정복지센터,1,,mobile,
michuhol_wydj4e3x_001,district_file,michuhol,37.4606083,126.6746973,wydj4e3,wydj4e3x,도화1동,경인로305번길,,경인로305번길,1,,mobile,
michuhol_wydj4e75_001,district_file,michuhol,37.4598522,126.6768162,wydj4e7,wydj4e75,주안1동,경인로325번길 22,,경인로325번길 22,1,,mobile,
michuhol_wydj4edb_001,district_file,michuhol,37.4606396,126.6764038,wydj4ed,wydj4edb,도화1동,석바위로30,,석바위로30,1,,mobile,
michuhol_wydj4edm_001,district_file,michuhol,37.4615707,126.6756345,wydj4ed,wydj4edm,도화1동,석바위로21번길,,석바위로21번길,1,,mobile,
michuhol_wydj4eku_001,district_file,michuhol,37.4599465,126.6791026,wydj4ek,wydj4eku,주안1동,경인로 349번길 28,,경인로 349번길 28 (롯데하이텔 건너),1,,mobile,
michuhol_wydj4ese_001,district_file,michuhol,37.461177,126.678826,wydj4es,wydj4ese,주안1동,,,행복한식자재마트 인근 골목 근처,1,,mobile,
michuhol_wydj4eu1_001,district_file,michuhol,37.4622839,126.6781569,wydj4eu,wydj4eu1,주안1동,주안서로40 주안네오빌 인근,,주안서로40 주안네오빌 인근,1,,mobile,
michuhol_wydj4euw_001,district_file,michuhol,37.4632016,126.6787291,wydj4eu,wydj4euw,주안1동,미추홀대로733번길 26,,미추홀대로733번길 26,1,,mobile,
michuhol_wydj4exu_001,district_file,michuhol,37.4614313,126.6832178,wydj4ex,wydj4exu,주안1동,주안중로 32-17,,주안중로 32-17 (로지모텔 뒷골목),1,,mobile,
michuhol_wydj4f7q_001,district_file,michuhol,37.454851,126.6878292,wydj4f7,wydj4f7q,주안4동,경원대로807번길 30,,경원대로807번길 30,1,,mobile,
michuhol_wydj4fdp_001,district_file,michuhol,37.4563782,126.6862319,wydj4fd,wydj4fdp,주안4동,경인로418번길 36,,경인로418번길 36,1,,mobile,
michuhol_wydj4g7z_001,district_file,michuhol,37.460583,126.6885237,wydj4g7,wydj4g7z,주안6동,석바위로143번길 15,,석바위로143번길 15,1,,mobile,
michuhol_wydj4g8e_001,district_file,michuhol,37.4613059,126.6840742,wydj4g8,wydj4g8e,주안1동,석바위로101번길 15 인근,,석바위로101번길 15 인근,1,,mobile,
michuhol_wydj4g9j_001,district_file,michuhol,37.4616542,126.6850453,wydj4g9,wydj4g9j,주안1동,주안동로25번길 인근,,주안동로25번길 인근,1,,mobile,
michuhol_wydj4gc5_001,district_file,michuhol,37.4625827,126.6847645,wydj4gc,wydj4gc5,주안1동,주안동로25번길 47-6 인근,,주안동로25번길 47-6 인근,1,,mobile,
michuhol_wydj4gfw_001,district_file,michuhol,37.4630901,126.6870057,wydj4gf,wydj4gfw,주안6동,경원대로897번길 45-4,,경원대로897번길 45-4,1,,mobile,
michuhol_wydj4ggd_001,district_file,michuhol,37.4624301,126.6884024,wydj4gg,wydj4ggd,주안6동,경원대로887번길 24-14,,경원대로887번길 24-14,1,,mobile,
michuhol_wydj4ggq_001,district_file,michuhol,37.46305450000001,126.6878915,wydj4gg,wydj4ggq,주안6동,경원대로897번길 33,,경원대로897번길 33,1,,mobile,
michuhol_wydj4gp1_001,district_file,michuhol,37.4581389,126.6931534,wydj4gp,wydj4gp1,주안6동,구월로19번길 6-13,,구월로19번길 6-13,1,,mobile,
michuhol_wydj4gpd_001,district_file,michuhol,37.4583833,126.6937493,wydj4gp,wydj4gpd,주안6동,구월로19번길 28,,구월로19번길 28,1,,mobile,
michuhol_wydj4gqz_001,district_file,michuhol,37.4604892,126.692919,wydj4gq,wydj4gqz,주안6동,경인로485번길 24-4,,경인로485번길 24-4,1,,mobile,
michuhol_wydj4gvs_001,district_file,michuhol,37.4628144,126.6910793,wydj4gv,wydj4gvs,주안6동,경원대로898번길 20,,경원대로898번길 20,1,,mobile,
michuhol_wydj4h9m_001,district_file,michuhol,37.4670533,126.6523884,wydj4h9,wydj4h9m,숭의1·3동,석정로92번길 111,,석정로92번길 111,1,,mobile,
michuhol_wydj4hef_001,district_file,michuhol,37.4664849,126.6557351,wydj4he,wydj4hef,숭의1·3동,경인로 117,,경인로 117,1,,mobile,
michuhol_wydj4hjs_001,district_file,michuhol,37.4640817,126.6581446,wydj4hj,wydj4hjs,숭의4동,수봉로21번길 32,,수봉로21번길 32,1,,mobile,
michuhol_wydj4hjy_001,district_file,michuhol,37.4644544,126.6585692,wydj4hj,wydj4hjy,숭의4동,경인로144번길 37,,경인로144번길 37,1,,mobile,
michuhol_wydj4hkm_001,district_file,michuhol,37.4657753,126.6563287,wydj4hk,wydj4hkm,숭의4동,,숭의동60-15,"숭의동60-15
(모미락 맞은편, 고기천왕 앞)",1,,mobile,
michuhol_wydj4hmx_001,district_file,michuhol,37.4659725,126.6580204,wydj4hm,wydj4hmx,숭의4동,경인로 140,,경인로 140,1,,mobile,
michuhol_wydj4hnm_001,district_file,michuhol,37.4642597,126.6590831,wydj4hn,wydj4hnm,숭의4동,,숭의동2-99,숭의동2-99,1,,mobile,
michuhol_wydj4hp5_001,district_file,michuhol,37.4639426,126.6601237,wydj4hp,wydj4hp5,숭의4동,수봉로33번길 63,,수봉로33번길 63,1,,mobile,
michuhol_wydj4hrv_001,district_file,michuhol,37.46574030000001,126.6611187,wydj4hr,wydj4hrv,도화1동,경인로162번길11-7,,경인로162번길11-7,1,,mobile,
michuhol_wydj4hsp_001,district_file,michuhol,37.4674383,126.6561172,wydj4hs,wydj4hsp,도화2·3동,석정로162번길 55-11,,석정로162번길 55-11,1,,mobile,
michuhol_wydj4htd_001,district_file,michuhol,37.4664991,126.6579843,wydj4ht,wydj4htd,도화1동,경인로135,,경인로135,1,,mobile,
michuhol_wydj4hxt_001,district_file,michuhol,37.4671075,126.6608996,wydj4hx,wydj4hxt,도화2·3동,석정로228번길 19,,석정로228번길 19,1,,mobile,
michuhol_wydj4k23_001,district_file,michuhol,37.4649715,126.6619659,wydj4k2,wydj4k23,숭의4동,수봉북로12번길 28-15,,수봉북로12번길 28-15,1,,mobile,
michuhol_wydj4k2t_001,district_file,michuhol,37.4657141,126.6623229,wydj4k2,wydj4k2t,도화1동,경인로178,,경인로178,1,,mobile,
michuhol_wydj4k6j_001,district_file,michuhol,37.4657376,126.6642078,wydj4k6,wydj4k6j,도화1동,경인로193,,경인로193,1,,mobile,
michuhol_wydj4kdx_001,district_file,michuhol,37.4673282,126.6649827,wydj4kd,wydj4kdx,도화2·3동,숙골로43번길 14-15,,숙골로43번길 14-15,1,,mobile,
michuhol_wydj4kgy_001,district_file,michuhol,37.4686224,126.6668056,wydj4kg,wydj4kgy,도화2·3동,석정로279번길 6,,석정로279번길 6,1,,mobile,
michuhol_wydj4kt3_001,district_file,michuhol,37.4664448,126.6686185,wydj4kt,wydj4kt3,도화2·3동,석정로302번길 34,,석정로302번길 34,1,,mobile,
michuhol_wydj4kzu_001,district_file,michuhol,37.4682311,126.6720339,wydj4kz,wydj4kzu,도화2·3동,석정로329번길 8,,석정로329번길 8,1,,mobile,
michuhol_wydj4m2b_001,district_file,michuhol,37.4703238,126.6627465,wydj4m2,wydj4m2b,도화2·3동,숙골로93,,숙골로93,1,,mobile,
michuhol_wydj4mmt_001,district_file,michuhol,37.4711502,126.6692139,wydj4mm,wydj4mmt,도화2·3동,장고개로50번길 34,,장고개로50번길 34,1,,mobile,
michuhol_wydj4mnb_001,district_file,michuhol,37.468897,126.6707232,wydj4mn,wydj4mnb,도화2·3동,석정로329번길 37,,석정로329번길 37,1,,mobile,
michuhol_wydj4muv_001,district_file,michuhol,37.4739216,126.6681832,wydj4mu,wydj4muv,도화2·3동,염전로 243,,염전로 243,1,,mobile,
michuhol_wydj4s29_001,district_file,michuhol,37.4650775,126.6731211,wydj4s2,wydj4s29,도화1동,주안로 31-33,,주안로 31-33,1,,fixed,
michuhol_wydj4s4f_001,district_file,michuhol,37.4637369,126.676322,wydj4s4,wydj4s4f,주안1동,주안서로53번길 26,,주안서로53번길 26,1,,mobile,
michuhol_wydj4sck_001,district_file,michuhol,37.4681887,126.6742727,wydj4sc,wydj4sck,주안5동,석정로347번길 14,,석정로347번길 14,1,,mobile,
michuhol_wydj4svu_001,district_file,michuhol,37.4682289,126.680336,wydj4sv,wydj4svu,주안5동,길파로28번길 9,,길파로28번길 9,1,,mobile,
michuhol_wydj4sx3_001,district_file,michuhol,37.4664343,126.6823983,wydj4sx,wydj4sx3,주안5동,석정로 422,,석정로 422,1,,mobile,
michuhol_wydj4t4f_001,district_file,michuhol,37.46938189999999,126.6762349,wydj4t4,wydj4t4f,주안5동,길파로35번길 61,,길파로35번길 61,1,,mobile,
michuhol_wydj4u2w_001,district_file,michuhol,37.4658373,126.684147,wydj4u2,wydj4u2w,주안5동,석정로440번길 12,,석정로440번길 12,1,,mobile,
michuhol_wydj4u3h_001,district_file,michuhol,37.465582,126.6849654,wydj4u3,wydj4u3h,주안5동,염창로 97,,염창로 97,1,,mobile,
michuhol_wydj4u7n_001,district_file,michuhol,37.4658808,126.687566,wydj4u7,wydj4u7n,주안5동,석정로 468,,석정로 468,1,,mobile,
michuhol_wydj4uhv_001,district_file,michuhol,37.4642943,126.6901598,wydj4uh,wydj4uhv,주안6동,경원대로 912-3,,경원대로 912-3,1,,mobile,
michuhol_wydj4unj_001,district_file,michuhol,37.464359,126.69161,wydj4un,wydj4unj,주안6동,주안로193번길 18,,주안로193번길 18,1,,mobile,
michuhol_wydj5rk4_001,district_file,michuhol,37.481616,126.710987,wydj5rk,wydj5rk4,주안4동,경인로807번길 46,,경인로807번길 46,1,,mobile,
namdong_wydhdxz8_001,district_file,namdong,37.3961136,126.6827388,wydhdxz,wydhdxz8,고잔동,남동서로 47,고잔동 698-4,남동서로 47 | 고잔동 698-4,1,[2024],mobile,
namdong_wydhepqp_001,district_file,namdong,37.3946267,126.7025926,wydhepq,wydhepqp,고잔동,남동동로 138번길 88,고잔동 661-16,남동동로138번길 88 | 고잔동 661-16,1,[2021],mobile,
namdong_wydheqn9_001,district_file,namdong,37.38673860000001,126.7145906,wydheqn,wydheqn9,논현고잔동,고잔동 478-21,고잔동 478-21,고잔동 478-21 | 고잔동 478-21,1,[2024],mobile,
namdong_wydheqnq_001,district_file,namdong,37.3875315,126.7140341,wydheqn,wydheqnq,논현고잔동,논현고잔로 54번길 고가 위,논현고잔로 54번길 고가 위,논현고잔로54번길 고가 위 | 논현고잔로54번길 고가 위,1,[2024],mobile,
namdong_wydheqwf_001,district_file,namdong,37.3896629,126.7147779,wydheqw,wydheqwf,논현고잔동,"논현고잔로 88번길 44-25, 정방주택 3/301",고잔동 317,"논현고잔로88번길44-25, 정방주택 3/301 | 고잔동 317",1,[2020],fixed,
namdong_wydhewz6_001,district_file,namdong,37.3910352,126.7263587,wydhewz,wydhewz6,논현고잔동,에코중앙로 156번길 13-3,논현동 770-6,에코중앙로156번길 13-3 | 논현동 770-6,1,[2021],mobile,
namdong_wydhezzy_001,district_file,namdong,37.39724510000001,126.7382752,wydhezz,wydhezzy,논현1동,장도포대지 입구 앞(버스정류장 39817 옆),논현동 775-2,장도포대지 입구 앞(버스정류장 39817 옆) | 논현동 775-2,1,[2021],mobile,
namdong_wydhfcz2_001,district_file,namdong,37.40708619999999,126.6935364,wydhfcz,wydhfcz2,고잔동,은청로 4-7,고잔동 630,은청로 4-7 | 고잔동 630,1,[2024],mobile,
namdong_wydhg2gq_001,district_file,namdong,37.4027678,126.7100996,wydhg2g,wydhg2gq,논현2동,호구포로 227-1,논현동 713,호구포로 227-1 | 논현동 713,1,[2024],mobile,
namdong_wydhg50f_001,district_file,namdong,37.4143596,126.6955596,wydhg50,wydhg50f,논현동,남동서로 269번길 22,논현동 427-5,남동서로269번길 22 | 논현동 427-5,1,[2023],mobile,
namdong_wydhg7hg_001,district_file,namdong,37.4145487,126.7120831,wydhg7h,wydhg7hg,논현2동,논곡로 84(논곡중 앞),논현동 553-21,논곡로 84(논곡중 앞) | 논현동 553-21,1,[2024],mobile,
namdong_wydhg7mk_001,district_file,namdong,37.4160081,126.7125422,wydhg7m,wydhg7mk,논현2동,논곡로 78번길 33,논현동 553-11,논곡로 78번길 33 | 논현동 553-11,2,[2022],fixed,
namdong_wydhg8g6_001,district_file,namdong,37.401934,126.7209931,wydhg8g,wydhg8g6,논현2동,논고개로 123번길 52,논현동 620-4,논고개로123번길 52 | 논현동 620-4,1,[2024],mobile,
namdong_wydhg8ss_001,district_file,namdong,37.4010641,126.7227838,wydhg8s,wydhg8ss,논현2동,논현동 490-10,논현동 490-10,논현동 490-10 | 논현동 490-10,1,[2025],mobile,
namdong_wydhg8u8_001,district_file,namdong,37.4015967,126.7225927,wydhg8u,wydhg8u8,논현2동,논현동 632-3,논현동 632-3,논현동 632-3 | 논현동 632-3,1,[2021],mobile,
namdong_wydhg8x0_001,district_file,namdong,37.40033469999999,126.7260248,wydhg8x,wydhg8x0,논현고잔동,논현동 719-1,논현동 719-1,논현동 719-1 | 논현동 719-1,1,[2025],mobile,
namdong_wydhg9hb_001,district_file,namdong,37.40297899999999,126.7231619,wydhg9h,wydhg9hb,논현2동,논현동 705-8,논현동 705-8,논현동 705-8 | 논현동 705-8,1,[2024],mobile,
namdong_wydhg9t3_001,district_file,namdong,37.40592609999999,126.7237731,wydhg9t,wydhg9t3,논현1동,"논고개로 166, 대창프라자(논현동 593-6)",논현동 593-6,"논고개로166, 대창프라자(논현동 593-6) | 논현동 593-6",1,[2019],fixed,
namdong_wydhg9w4_001,district_file,namdong,37.4061229,126.7247863,wydhg9w,wydhg9w4,논현1동,은봉로 315번길 4,논현동 594-20,은봉로315번길 4 | 논현동 594-20,1,[2023],mobile,
namdong_wydhgbmr_001,district_file,namdong,37.400202,126.7345501,wydhgbm,wydhgbmr,논현고잔동,수인선보행자도로 23(보안등),논현동 731-7,수인선보행자도로 23(보안등) | 논현동 731-7 | 수인선보행자도로 11(보안등) | 논현동 731-7,2,[2024],mobile,
namdong_wydhgbnk_001,district_file,namdong,37.3982081,126.7359908,wydhgbn,wydhgbnk,논현고잔동,소래역남로 16번길 8-31 맞은편,논현동 753-2,소래역남로16번길 8-31 맞은편 | 논현동 753-2,1,[2023],mobile,
namdong_wydhgbqz_001,district_file,namdong,37.4000761,126.7368248,wydhgbq,wydhgbqz,논현1동,소래역로 30번길 22 앞 논현광장,논현동 678-3,소래역로 30번길 22 앞 논현광장 | 논현동 678-3,1,[2022],mobile,
namdong_wydhgc5e_001,district_file,namdong,37.4035194,126.7322936,wydhgc5,wydhgc5e,논현1동,앵고개로 941번길 39-32 (논현1동 658-3 ),논현동 658-3,앵고개로941번길 39-32 (논현1동 658-3 ) | 논현동 658-3,1,[2018],fixed,
namdong_wydhggbx_001,district_file,namdong,37.4192776,126.7280174,wydhggb,wydhggbx,남촌도림동,도림동 691,도림동 691,도림동 691 | 도림동 691,1,[2024],mobile,
namdong_wydhggr9_001,district_file,namdong,37.4156128,126.7377961,wydhggr,wydhggr9,논현1동,논현동 21-33,논현동 21-33,논현동 21-33 | 논현동 21-33,1,[2024],mobile,
namdong_wydhgmrk_001,district_file,namdong,37.4270472,126.7154713,wydhgmr,wydhgmrk,남촌도림동,"남촌로 67번길 8, 세일빌라",남촌동 257-10,"남촌로67번길8, 세일빌라 | 남촌동 257-10",1,[2019],fixed,
namdong_wydhgmrn_001,district_file,namdong,37.427444,126.7151757,wydhgmr,wydhgmrn,남촌도림동,남촌동 257-5,남촌동 257-5,남촌동 257-5 | 남촌동 257-5,1,[2025],mobile,
namdong_wydhgmwb_001,district_file,namdong,37.4277295,126.7147807,wydhgmw,wydhgmwb,남촌도림동,남촌동 562-6,남촌동 562-6,남촌동 562-6 | 남촌동 562-6,1,[2025],mobile,
namdong_wydhgmwt_001,district_file,namdong,37.4285824,126.714484,wydhgmw,wydhgmwt,남촌도림동,남촌로 87-7,남촌동 266-21,남촌로 87-7 | 남촌동 266-21,1,[2025],mobile,
namdong_wydhgmyf_001,district_file,namdong,37.4294949,126.714774,wydhgmy,wydhgmyf,남촌도림동,남촌동 292-1(해물촌 앞),남촌동 292-1,남촌동 292-1(해물촌 앞) | 남촌동 292-1,1,[2025],mobile,
namdong_wydhgmyu_001,district_file,namdong,37.4298321,126.7146736,wydhgmy,wydhgmyu,남촌도림동,호구포로 535번길 48-17,남촌동 296-1(의류수거함 옆),호구포로535번길 48-17 | 남촌동 296-1(의류수거함 옆),1,[2025],mobile,
namdong_wydhgqdh_001,district_file,namdong,37.4339392,126.7083438,wydhgqd,wydhgqdh,남촌도림동,남촌동 507-3,남촌동 507-3,남촌동 507-3 | 남촌동 507-3,1,[2025],mobile,
namdong_wydhgqjq_001,district_file,namdong,37.4315854,126.7128678,wydhgqj,wydhgqjq,남촌도림동,남촌동로 54-8,남촌동 343-10 앞 도로,남촌동로 54-8 | 남촌동 343-10 앞 도로 ,1,[2024],mobile,
namdong_wydhgqm8_001,district_file,namdong,37.4318209,126.7129812,wydhgqm,wydhgqm8,남촌도림동,남촌동로 50-11(남촌동 343-7 장미빌라 14동 202호),남촌동 343-7,남촌동로50-11(남촌동 343-7  장미빌라 14동 202호) | 남촌동 343-7,1,[2018],fixed,
namdong_wydhgqpq_001,district_file,namdong,37.4315406,126.7155512,wydhgqp,wydhgqpq,남촌도림동,"남촌동로 35번길 9-12, 진양빌라(남촌동 358-4)",남촌동 358-4,"남촌동로35번길 9-12, 진양빌라(남촌동 358-4) |  남촌동 358-4",1,[2020],fixed,
namdong_wydhgw0h_001,district_file,namdong,37.4311578,126.7164155,wydhgw0,wydhgw0h,남촌도림동,"남촌동로 3번길 26, 청호빌라 1동",남촌동 331-1,"남촌동로3번길 26, 청호빌라 1동 | 남촌동 331-1",1,[2020],fixed,
namdong_wydhgw2j_001,district_file,namdong,37.4327616,126.7166202,wydhgw2,wydhgw2j,남촌도림동,남촌동 376,남촌동 376,남촌동 376 | 남촌동 376,1,[2025],mobile,
namdong_wydhgwx3_001,district_file,namdong,37.4334077,126.7264978,wydhgwx,wydhgwx3,남촌도림동,"수산동 319-1(수산1교, 수산2교 사이)",수산동 319-1,"수산동 319-1(수산1교, 수산2교 사이) | 수산동 319-1",1,[2024],mobile,
namdong_wydhu03q_001,district_file,namdong,37.3999146,126.7400832,wydhu03,wydhu03q,논현1동,포구로 10번길 14-1 공영주차장 앞,논현동 111-344,포구로 10번길 14-1 공영주차장 앞 | 논현동 111-344,1,[2022],mobile,
namdong_wydhu0e5_001,district_file,namdong,37.400796,126.7427103,wydhu0e,wydhu0e5,논현1동,논현동 66-52(대공원남문 기둥 옆 나무),논현동 66-52(대공원남문 기둥 옆 나무),논현동 66-52(대공원남문 기둥 옆 나무) | 논현동 66-52(대공원남문 기둥 옆 나무),1,[2025],mobile,
namdong_wydhu1dc_001,district_file,namdong,37.4060214,126.7423126,wydhu1d,wydhu1dc,논현1동,소래로 154번길 69-15 인근 공영주차장 앞,논현동 33-255,소래로154번길 69-15 인근 공영주차장 앞 | 논현동 33-255,1,[2023],mobile,
namdong_wydhujng_001,district_file,namdong,37.42556829999999,126.7476642,wydhujn,wydhujng,서창2동,서창동750(아페리온 회전교차로),서창동 750,서창동750(아페리온 회전교차로) | 서창동 750,1,[2022],mobile,
namdong_wydhuk6p_001,district_file,namdong,37.4221734,126.7522419,wydhuk6,wydhuk6p,서창2동,서창남로 16-34,서창동 722-3,서창남로 16-34 | 서창동 722-3,1,[2022],mobile,
namdong_wydhuk8g_001,district_file,namdong,37.422854,126.7505778,wydhuk8,wydhuk8g,서창2동,"서창남로 35, 돼지랑 찌개랑 가게 앞 가로등",서창동 708-2,"서창남로 35, 돼지랑 찌개랑 가게 앞 가로등 | 서창동 708-2",1,[2025],mobile,
namdong_wydhuk8v_001,district_file,namdong,37.4232028,126.7503464,wydhuk8,wydhuk8v,서창2동,서창동 708-1 광명프라자,서창동 708-1,서창동 708-1 광명프라자 | 서창동 708-1,1,[2023],mobile,
namdong_wydhuk91_001,district_file,namdong,37.42246069999999,126.7507102,wydhuk9,wydhuk91,서창2동,서창방산로 55(비전프라자 앞 대로변),서창동 708-3,서창방산로 55(비전프라자 앞 대로변) | 서창동 708-3,1,[2021],mobile,
namdong_wydhunyu_001,district_file,namdong,37.4353774,126.7478198,wydhuny,wydhunyu,장수서창동,서창동 542-18,서창동 542-18,서창동 542-18 | 서창동 542-18,1,[2022],mobile,
namdong_wydhuph2_001,district_file,namdong,37.4359803,126.7441708,wydhuph,wydhuph2,장수서창동,서창동 518-48,서창동 518-48,서창동 518-48 | 서창동 518-48,1,[2024],mobile,
namdong_wydhuprr_001,district_file,namdong,37.4385993,126.7483854,wydhupr,wydhuprr,장수서창동,매소홀로 1129,서창동 548-11,매소홀로 1129 | 서창동 548-11,1,[2023],mobile,
namdong_wydhups5_001,district_file,namdong,37.4391853,126.7440344,wydhups,wydhups5,장수서창동,서창동 584,서창동 584,서창동 584 | 서창동 584,1,[2022],mobile,
namdong_wydhupx2_001,district_file,namdong,37.4388252,126.748316,wydhupx,wydhupx2,장수서창동,"장아산로 134-17, 501호 (서창동) 황금타운",서창동 548-2,"장아산로 134-17, 501호 (서창동) 황금타운 | 서창동 548-2",2,[2016],fixed,
namdong_wydhur3j_001,district_file,namdong,37.4381974,126.7507311,wydhur3,wydhur3j,장수서창동,서창동 613-1,서창동 613-1,서창동 613-1 | 서창동 613-1,1,[2022],mobile,
namdong_wydhuwjr_001,district_file,namdong,37.43175180000001,126.7677619,wydhuwj,wydhuwjr,장수서창동,운연동 457-1,운연동 457-1,운연동 457-1 | 운연동 457-1,1,[2023],mobile,
namdong_wydhux3k_001,district_file,namdong,37.4380821,126.7621897,wydhux3,wydhux3k,장수서창동,운연동 228-5 (전봇대),운연동 228-5 (전봇대),운연동 228-5 (전봇대) | 운연동 228-5 (전봇대),1,[2025],mobile,
namdong_wydj50c5_001,district_file,namdong,37.4462,126.6959426,wydj50c,wydj50c5,구월3동,문화서로 10-1(포천갈비),구월동 1395,문화서로 10-1(포천갈비) | 구월동 1395,1,[2024],mobile,
namdong_wydj50wu_001,district_file,namdong,37.4448925,126.7036856,wydj50w,wydj50wu,구월3동,"인하로 511번길 40, 해진빌딩",구월동 1173-4,"인하로511번길 40, 해진빌딩 | 구월동 1173-4 | 인하로511번길 40 | 구월동 1173-4",2,"[2018, 2023]","fixed,mobile",
namdong_wydj50yu_001,district_file,namdong,37.4462745,126.7037872,wydj50y,wydj50yu,구월3동,"인주대로 604번길 77, 성주빌라 7동",구월동 1162-37,"인주대로604번길 77, 성주빌라 7동 | 구월동 1162-37",2,[2021],fixed,
namdong_wydj50zj_001,district_file,namdong,37.4464656,126.7040004,wydj50z,wydj50zj,구월3동,인주대로 604번길 75-5( 성주빌라 1동 B02호),구월동 1162-16,인주대로604번길 75-5( 성주빌라 1동 B02호) | 구월동 1162-16,1,[2018],fixed,
namdong_wydj510v_001,district_file,namdong,37.4477777,126.6956065,wydj510,wydj510v,구월3동,문화서로 23번길 12,구월동 1359-16,문화서로23번길 12 | 구월동 1359-16,1,[2023],mobile,
namdong_wydj512e_001,district_file,namdong,37.4489564,126.695135,wydj512,wydj512e,구월3동,인주대로 522번길 27-10,구월동 1357-3,인주대로522번길 27-10 | 구월동 1357-3,1,[2024],mobile,
namdong_wydj512h_001,district_file,namdong,37.4489656,126.6944781,wydj512,wydj512h,구월3동,"인주대로 522번길 40, 새롬미용실",구월동 1359,"인주대로522번길 40, 새롬미용실 | 구월동 1359",1,[2014],fixed,
namdong_wydj5163_001,district_file,namdong,37.4484887,126.6977502,wydj516,wydj5163,구월3동,"인주대로 604번길 45, 성마을경로당",구월동1152-14,"인주대로604번길 45, 성마을경로당 | 구월동1152-14",2,[2020],fixed,
namdong_wydj517r_001,district_file,namdong,37.4496162,126.6989997,wydj517,wydj517r,구월3동,문화로 115번길 10 센트럴아트빌 A동,구월동 1123-11,문화로115번길 10 센트럴아트빌 A동 | 구월동 1123-11,1,[2016],fixed,
namdong_wydj51gz_001,district_file,namdong,37.452348,126.6996011,wydj51g,wydj51gz,구월3동,문화로 147,구월동 1092-55,문화로 147 | 구월동 1092-55,1,[2024],mobile,
namdong_wydj5269_001,district_file,namdong,37.443063,126.7087668,wydj526,wydj5269,구월1동,인하로 559(구월동 1499-1 센트럴프라자주차장 입구 옆),구월동 1499-1,인하로559(구월동 1499-1 센트럴프라자주차장 입구 옆) | 구월동 1499-1,1,[2018],fixed,
namdong_wydj527n_001,district_file,namdong,37.4438143,126.7095098,wydj527,wydj527n,구월1동,"구월동1495, 성리어린이공원 입구",구월동 1495,"구월동1495, 성리어린이공원 입구 | 구월동 1495",1,[2025],mobile,
namdong_wydj529b_001,district_file,namdong,37.4441976,126.7080486,wydj529,wydj529b,구월1동,"남동대로 692번길 13-8, 해마루빌 C동 앞",구월동 1180,"남동대로692번길 13-8, 해마루빌 C동 앞 | 구월동 1180",1,[2024],mobile,
namdong_wydj52dh_001,district_file,namdong,37.4448818,126.7080968,wydj52d,wydj52dh,구월1동,남동대로 702번길 14-1 (구월동),구월동 1181-9,남동대로702번길 14-1 (구월동) | 구월동 1181-9,1,[2017],fixed,
namdong_wydj532w_001,district_file,namdong,37.4494464,126.7063262,wydj532,wydj532w,구월3동,"인주대로 626번길 10, 금강아트빌",구월동 201-97,"인주대로626번길 10, 금강아트빌 | 구월동 201-97",2,[2021],fixed,
namdong_wydj534n_001,district_file,namdong,37.4480955,126.7081675,wydj534,wydj534n,구월1동,구월동 1192-7(의류수거함 옆),구월동 1192-7(의류수거함 옆),구월동 1192-7(의류수거함 옆) | 구월동 1192-7(의류수거함 옆),1,[2025],mobile,
namdong_wydj537f_001,district_file,namdong,37.4487521,126.7106148,wydj537,wydj537f,구월1동,"인주대로 664, 뉴팬더부동산 앞",구월동 260-5,"인주대로 664, 뉴팬더부동산 앞 | 구월동 260-5",1,[2025],mobile,
namdong_wydj53ub_001,district_file,namdong,37.4511887,126.7119182,wydj53u,wydj53ub,구월1동,용천로 17번길 36-1 수정냉면 옆,구월동 1211-13,용천로 17번길 36-1 수정냉면 옆 | 구월동 1211-13,1,[2025],mobile,
namdong_wydj5457_001,district_file,namdong,37.4529552,126.69911,wydj545,wydj5457,구월3동,구월동 1093(붉은고개공원),구월동 1093 (붉은고개공원),"구월동 1093(붉은고개공원) | 구월동 1093
(붉은고개공원)",1,[2024],mobile,
namdong_wydj549q_001,district_file,namdong,37.456247,126.6962967,wydj549,wydj549q,간석1동,구월로 56번길 22,간석동 508-46,구월로56번길 22 | 간석동 508-46,1,[2024],mobile,
namdong_wydj54ze_001,district_file,namdong,37.4571482,126.7047475,wydj54z,wydj54ze,간석1동,구월로 131번길 7-1(봉봉하이츠빌라),간석동 413-12,구월로131번길 7-1(봉봉하이츠빌라) | 간석동 413-12,1,[2018],fixed,
namdong_wydj54zs_001,district_file,namdong,37.4572745,126.7048922,wydj54z,wydj54zs,간석1동,구월로 131번길 9,간석동 413-9,구월로131번길 9 | 간석동 413-9,1,[2024],mobile,
namdong_wydj55f1_001,district_file,namdong,37.4623481,126.697361,wydj55f,wydj55f1,간석4동,"석산로 35, (간석4동 935)(풍림아이원아파트 관리사무소)",간석동 935,"석산로 35, (간석4동 935)(풍림아이원아파트 관리사무소) | 간석동 935",1,[2017],fixed,
namdong_wydj55kx_001,district_file,namdong,37.4605206,126.7007599,wydj55k,wydj55kx,간석1동,문화로 239,간석동 546-8,문화로239 | 간석동 546-8,1,[2025],mobile,
namdong_wydj55rk_001,district_file,namdong,37.4600131,126.7043439,wydj55r,wydj55rk,간석1동,"구월로 125번길 72, 성우연립",간석동 417-6,"구월로125번길 72, 성우연립 | 간석동 417-6",1,[2024],mobile,
namdong_wydj57e7_001,district_file,namdong,37.4612246,126.7099347,wydj57e,wydj57e7,간석2동,석촌로 8,간석동 193-2,석촌로 8 | 간석동 193-2,1,[2024],mobile,
namdong_wydj57ew_001,district_file,namdong,37.4617656,126.7101481,wydj57e,wydj57ew,간석2동,석촌로 14번길 18,간석동 191-2,석촌로14번길 18 | 간석동 191-2,1,[2024],mobile,
namdong_wydj57gy_001,district_file,namdong,37.4631707,126.7105499,wydj57g,wydj57gy,간석2동,석산로 169번길 55-2,간석동 183-4,석산로169번길 55-2 | 간석동 183-4,1,[2014],fixed,
namdong_wydj57v4_001,district_file,namdong,37.462415,126.7122491,wydj57v,wydj57v4,간석2동,"석촌로 20번길 53, 광우주택 앞 전봇대",간석동 159-11,"석촌로20번길 53, 광우주택 앞 전봇대 | 간석동 159-11",1,[2020],mobile,
namdong_wydj583y_001,district_file,namdong,37.4438721,126.7189537,wydj583,wydj583y,구월4동,구월동 682-1,구월동 682-1,구월동 682-1 | 구월동 682-1,1,[2025],mobile,
namdong_wydj597x_001,district_file,namdong,37.4495698,126.7211477,wydj597,wydj597x,구월4동,구월동 1281-8(분리수거함 뒤 전봇대),구월동 1281-8(분리수거함 뒤 전봇대),구월동 1281-8(분리수거함 뒤 전봇대) | 구월동 1281-8(분리수거함 뒤 전봇대),1,[2025],mobile,
namdong_wydj598h_001,district_file,namdong,37.4504404,126.7165662,wydj598,wydj598h,구월1동,용천로 4번길 43-19( 건양빌라 가동),구월동 1229-4,용천로4번길43-19( 건양빌라 가동) | 구월동 1229-4,1,[2018],fixed,
namdong_wydj59bf_001,district_file,namdong,37.4514654,126.7175149,wydj59b,wydj59bf,구월1동,인주대로 721번길 48,구월동 1238-9 (성리초교 정문 앞),인주대로721번길 48 | 구월동 1238-9 (성리초교 정문 앞),1,[2025],mobile,
namdong_wydj59gs_001,district_file,namdong,37.451835,126.7212979,wydj59g,wydj59gs,구월4동,구월남로 286-6,구월동 1274-8,구월남로 286-6 | 구월동 1274-8,1,[2014],fixed,
namdong_wydj59qv_001,district_file,namdong,37.4492856,126.7256202,wydj59q,wydj59qv,구월4동,"구월말로 4번길 19-2, 성주빌라,3/102(구월동 1311-26)",구월동 1311-26,"구월말로4번길 19-2, 성주빌라,3/102(구월동 1311-26) | 구월동 1311-26",1,[2020],fixed,
namdong_wydj59tv_001,district_file,namdong,37.4506703,126.7243515,wydj59t,wydj59tv,구월4동,구월말로 19,구월동 1301-32,구월말로 19 | 구월동 1301-32,1,[2025],mobile,
namdong_wydj5bue_001,district_file,namdong,37.4460845,126.733506,wydj5bu,wydj5bue,만수6동,장승로 6번길 17-1(성광주택 앞),만수동 1078-18,장승로6번길 17-1(성광주택 앞) | 만수동 1078-18,1,[2025],mobile,
namdong_wydj5c1w_001,district_file,namdong,37.4479475,126.7294101,wydj5c1,wydj5c1w,구월3동,인주대로 731 뒤편,구월동 1234-11,인주대로 731 뒤편 | 구월동 1234-11,1,[2024],mobile,
namdong_wydj5c54_001,district_file,namdong,37.4472449,126.7314534,wydj5c5,wydj5c54,만수6동,소래로 633(남동구청 앞),만수동 1008,소래로633(남동구청 앞) | 만수동 1008,1,[2025],mobile,
namdong_wydj5cb0_001,district_file,namdong,37.4511343,126.7275257,wydj5cb,wydj5cb0,만수1동,구월남로 342번길 14,만수동 928-15,구월남로342번길 14 | 만수동 928-15,1,[2024],mobile,
namdong_wydj5czg_001,district_file,namdong,37.4515794,126.7380421,wydj5cz,wydj5czg,만수1동,백범로 67,만수동 930-2,백범로 67 | 만수동 930-2,1,[2025],mobile,
namdong_wydj5d6k_001,district_file,namdong,37.4544809,126.7195707,wydj5d6,wydj5d6k,구월4동,호구포로 808,구월동 1264-11,호구포로 808 | 구월동 1264-11,1,[2025],mobile,
namdong_wydj5db8_001,district_file,namdong,37.4566255,126.7173297,wydj5db,wydj5db8,구월2동,당좌로 5번길 15 앞,구월동 1244-8,당좌로5번길 15 앞 | 구월동 1244-8,1,[2024],mobile,
namdong_wydj5dhv_001,district_file,namdong,37.4534214,126.723008,wydj5dh,wydj5dhv,구월4동,모래내로 16-1,구월동 349-709,모래내로 16-1 | 구월동 349-709,1,[2025],mobile,
namdong_wydj5dkr_001,district_file,namdong,37.4550384,126.7224228,wydj5dk,wydj5dkr,구월4동,모래내로 35,구월동 1256-6,모래내로 35 | 구월동 1256-6,1,[2023],mobile,
namdong_wydj5dm2_001,district_file,namdong,37.4539327,126.7235212,wydj5dm,wydj5dm2,구월4동,구월말로 39번길 16-31,구월동 349-87,구월말로39번길 16-31 | 구월동 349-87,1,[2023],mobile,
namdong_wydj5dn5_001,district_file,namdong,37.45304489999999,126.7246416,wydj5dn,wydj5dn5,구월4동,구월말로 45(구월동 1304-3 유정빌라 A동 401호),구월동 1304-3,구월말로 45(구월동 1304-3 유정빌라 A동 401호) | 구월동 1304-3,1,[2018],fixed,
namdong_wydj5dqb_001,district_file,namdong,37.4539002,126.7256841,wydj5dq,wydj5dqb,만수5동,구월말로 58번길 16,만수동 920-3,구월말로58번길 16 | 만수동 920-3,1,[2023],mobile,
namdong_wydj5e3p_001,district_file,namdong,37.4605193,126.7176872,wydj5e3,wydj5e3p,구월2동,석산로 230-3 앞 전봇대,구월동 3-5,석산로 230-3 앞 전봇대 | 구월동 3-5,1,[2021],mobile,
namdong_wydj5e6p_001,district_file,namdong,37.4605253,126.7192208,wydj5e6,wydj5e6p,구월2동,석산로 244번길 3 앞 전신주(구월근린공원 경로당 부근),구월동 1248-1,석산로244번길 3 앞 전신주(구월근린공원 경로당 부근) | 구월동 1248-1,1,[2021],mobile,
namdong_wydj5e74_001,district_file,namdong,37.459657,126.7204518,wydj5e7,wydj5e74,구월2동,호구포로 866번길 5 맞은편,구월동 1250-7,호구포로866번길 5 맞은편 | 구월동 1250-7,1,[2023],mobile,
namdong_wydj5eny_001,district_file,namdong,37.4589943,126.7256876,wydj5en,wydj5eny,만수5동,구월말로 110,만수동 896-22,구월말로 110 | 만수동 896-22,1,[2024],mobile,
namdong_wydj5f35_001,district_file,namdong,37.4543082,126.7288193,wydj5f3,wydj5f35,만수5동,구월남로 355번길 61-13,만수동 945-2,구월남로355번길 61-13 | 만수동 945-2,1,[2023],mobile,
namdong_wydj5f45_001,district_file,namdong,37.4530408,126.7303293,wydj5f4,wydj5f45,만수1동,하촌서로 48-7,만수동 977-13,하촌서로 48-7 | 만수동 977-13,1,[2023],mobile,
namdong_wydj5f4q_001,district_file,namdong,37.4534387,126.7307083,wydj5f4,wydj5f4q,만수1동,하촌로 59번길 42-1,만수동 950-15,하촌로59번길 42-1 | 만수동 950-15,1,[2024],mobile,
namdong_wydj5f5z_001,district_file,namdong,37.4537145,126.7326223,wydj5f5,wydj5f5z,만수1동,구월로 372번길 21-12,만수동 953-16,구월로372번길 21-12 | 만수동 953-16,1,[2024],mobile,
namdong_wydj5f7b_001,district_file,namdong,37.4538897,126.7325489,wydj5f7,wydj5f7b,만수1동,구월로 372번길 21-11 (예다솜어린이집),만수동 954-7,구월로372번길 21-11 (예다솜어린이집) | 만수동 954-7,1,[2016],fixed,
namdong_wydj5f7j_001,district_file,namdong,37.4547101,126.7315973,wydj5f7,wydj5f7j,만수1동,구월로 368,만수동 948-1,구월로 368 | 만수동 948-1,1,[2024],mobile,
namdong_wydj5f8n_001,district_file,namdong,37.4562651,126.7273026,wydj5f8,wydj5f8n,만수5동,만경로 10,만수동 880-25,만경로 10 | 만수동 880-25,1,[2024],mobile,
namdong_wydj5f8y_001,district_file,namdong,37.4561729,126.7283749,wydj5f8,wydj5f8y,만수5동,만경로 8번길 21 (만수동) 대부부동산,만수동 880-16,만경로8번길 21 (만수동) 대부부동산 | 만수동 880-16,2,[2016],fixed,
namdong_wydj5f97_001,district_file,namdong,37.4556606,126.7291874,wydj5f9,wydj5f97,만수5동,백범로 157번길 34-13,만수동 886-22,백범로157번길 34-13 | 만수동 886-22,1,[2024],mobile,
namdong_wydj5f9n_001,district_file,namdong,37.4562242,126.7288246,wydj5f9,wydj5f9n,만수5동,만수동 881,만수동 881,만수동 881 | 만수동 881,1,[2023],mobile,
namdong_wydj5fgf_001,district_file,namdong,37.4568592,126.7325508,wydj5fg,wydj5fgf,만수4동,만수로 14-48,만수동 32,만수로 14-48 | 만수동 32,1,[2025],mobile,
namdong_wydj5fk3_001,district_file,namdong,37.4540164,126.7332188,wydj5fk,wydj5fk3,만수1동,"하촌로 59번길 4-22, 정진빌라",만수동 957-16,"하촌로59번길4-22, 정진빌라 | 만수동 957-16",1,[2019],fixed,
namdong_wydj5fxf_001,district_file,namdong,37.4556525,126.7382043,wydj5fx,wydj5fxf,만수4동,인수로 32번길 19,만수동 55,인수로32번길 19 | 만수동 55,1,[2024],mobile,
namdong_wydj5g19_001,district_file,namdong,37.4580953,126.7296822,wydj5g1,wydj5g19,만수2동,만수로 5번길 5 성광빌라 앞,만수동 873-6,만수로5번길 5 성광빌라 앞 | 만수동 873-6,1,[2024],mobile,
namdong_wydj5g1v_001,district_file,namdong,37.4588879,126.729951,wydj5g1,wydj5g1v,만수2동,만수로 5번길 16-14 해오름펠리스 앞,만수동 871-13,만수로5번길 16-14 해오름펠리스 앞 | 만수동 871-13,1,[2023],mobile,
namdong_wydj5g6c_001,district_file,namdong,37.45945770000001,126.7312727,wydj5g6,wydj5g6c,만수2동,"만수로 27번길 9-3, 미래아트빌 앞",만수동 869-3,"만수로 27번길 9-3, 미래아트빌 앞 | 만수동 869-3",1,[2024],mobile,
namdong_wydj5g80_001,district_file,namdong,37.4606839,126.7273339,wydj5g8,wydj5g80,만수3동,만수동 865-23,만수동 865-23,만수동 865-23 | 만수동 865-23,1,[2024],mobile,
namdong_wydj5hdn_001,district_file,namdong,37.4671837,126.6972659,wydj5hd,wydj5hdn,간석4동,석정로 551번길 20,간석동 609,석정로551번길 20 | 간석동 609,1,[2023],mobile,
namdong_wydj5hge_001,district_file,namdong,37.4681374,126.6994762,wydj5hg,wydj5hge,간석4동,석정로 587,간석동 572-12,석정로 587 | 간석동 572-12,1,[2020],mobile,
namdong_wydj5hr1_001,district_file,namdong,37.4649642,126.7039947,wydj5hr,wydj5hr1,간석4동,예술로 346번길 24,간석동 269-3,예술로346번길 24 | 간석동 269-3,1,[2023],mobile,
namdong_wydj5k0v_001,district_file,namdong,37.4642987,126.7065422,wydj5k0,wydj5k0v,간석1동,남동대로 915번길 25,간석동 313-3,남동대로915번길 25 | 간석동 313-3,1,[2024],mobile,
namdong_wydj5k5b_001,district_file,namdong,37.4633877,126.7105431,wydj5k5,wydj5k5b,간석2동,간석동 183-1,간석동 183-1,간석동 183-1 | 간석동 183-1,1,[2025],mobile,
namdong_wydj5kbn_001,district_file,namdong,37.4686362,126.7056064,wydj5kb,wydj5kbn,간석4동,경인로 653번길 40,간석동 230-4,경인로653번길 40 | 간석동 230-4,1,[2024],mobile,
namdong_wydj5kd6_001,district_file,namdong,37.466503,126.7084413,wydj5kd,wydj5kd6,간석2동,백범로 381,간석동 214-15,백범로 381 | 간석동 214-15,1,[2024],mobile,
namdong_wydj5kru_001,district_file,namdong,37.4654528,126.7160012,wydj5kr,wydj5kru,간석3동,용천로 176번길 29,간석동 37-65,용천로176번길 29 | 간석동 37-65,1,[2024],mobile,
namdong_wydj5m19_001,district_file,namdong,37.46914659999999,126.7076365,wydj5m1,wydj5m19,간석4동,경인로 663,간석동 220-10,경인로 663 | 간석동 220-10,1,[2023],mobile,
namdong_wydj5q79_001,district_file,namdong,37.4759531,126.710211,wydj5q7,wydj5q79,간석3동,평온로 6번길 18 앞 전봇대,간석동 772-12,평온로6번길 18 앞 전봇대 | 간석동 772-12,1,[2023],mobile,
namdong_wydj5qkh_001,district_file,namdong,37.4765282,126.7111492,wydj5qk,wydj5qkh,간석3동,평온로 10,간석동 1-682,평온로 10 | 간석동 1-682,1,[2022],mobile,
namdong_wydj5s0j_001,district_file,namdong,37.4642465,126.7164434,wydj5s0,wydj5s0j,간석3동,백범로 310번길 21,간석동 224-595,백범로310번길 21 | 간석동 224-595,1,[2025],mobile,
namdong_wydj5s1r_001,district_file,namdong,37.46461410000001,126.718228,wydj5s1,wydj5s1r,간석3동,용천로 176번길 70,간석동 940-1,용천로176번길 70 | 간석동 940-1,1,[2025],mobile,
namdong_wydj5s7d_001,district_file,namdong,37.4651705,126.7213041,wydj5s7,wydj5s7d,간석3동,호구포로 928번길 7 삼거리,간석동 225-324,호구포로928번길7 삼거리 | 간석동 225-324,1,[2024],mobile,
namdong_wydj5s80_001,district_file,namdong,37.4662643,126.716487,wydj5s8,wydj5s80,간석3동,간석로 77-6,간석동 37-173,간석로 77-6 | 간석동 37-173,1,[2023],mobile,
namdong_wydj5snk_001,district_file,namdong,37.4640855,126.7249972,wydj5sn,wydj5snk,만수3동,만수동 839-20,만수동 839-20,만수동 839-20 | 만수동 839-20,1,[2024],mobile,
namdong_wydj5sp2_001,district_file,namdong,37.4634203,126.7262931,wydj5sp,wydj5sp2,만수3동,"백범로 214번길 74, 화교어린이 공원 근처",만수동 842-18,"백범로214번길 74, 화교어린이 공원 근처 | 만수동 842-18",1,[2024],mobile,
namdong_wydj5t1r_001,district_file,namdong,37.4701744,126.7182743,wydj5t1,wydj5t1r,간석3동,만월북로 37(새마을금고),간석동 1-188,만월북로37(새마을금고) | 간석동 1-188,1,[2018],fixed,
namdong_wydj5u06_001,district_file,namdong,37.4637641,126.727791,wydj5u0,wydj5u06,만수3동,서판로 71-2,만수동 109-221,서판로 71-2 | 만수동 109-221,1,[2024],mobile,
namdong_wydj5u08_001,district_file,namdong,37.4634095,126.7282689,wydj5u0,wydj5u08,만수3동,"만수서로 33번길 44, 신만수타운 104/101",만수동 109-382,"만수서로33번길 44, 신만수타운 104/101 | 만수동 109-382",1,[2020],fixed,
namdong_wydj5u09_001,district_file,namdong,37.4636438,126.7280772,wydj5u0,wydj5u09,만수3동,서판로 76,만수동 109-244,서판로 76 | 만수동 109-244,1,[2024],mobile,
namdong_wydj5uqe_001,district_file,namdong,37.4652706,126.7363343,wydj5uq,wydj5uqe,만수2동,만수로 75번길 70 (강남맨션 103동 103호),만수동 5-491,만수로75번길 70 (강남맨션 103동 103호)  | 만수동 5-491,1,[2018],fixed,
namdong_wydjh02t_001,district_file,namdong,37.4437674,126.7390624,wydjh02,wydjh02t,만수6동,장승남로 61,만수동 1030(먹자골목 난간),장승남로 61 | 만수동 1030(먹자골목 난간),1,[2025],mobile,
namdong_wydjh02v_001,district_file,namdong,37.44365,126.739485,wydjh02,wydjh02v,만수6동,장승남로 65,만수동 1030-5,장승남로 65 | 만수동 1030-5,1,[2025],mobile,
namdong_wydjh04v_001,district_file,namdong,37.4423721,126.7422122,wydjh04,wydjh04v,만수6동,만수동810-86(장수천 산책로),만수동810-86,만수동810-86(장수천 산책로) | 만수동810-86,1,[2025],mobile,
namdong_wydjh0ch_001,district_file,namdong,37.446317,126.7397568,wydjh0c,wydjh0ch,만수6동,장승로 67-11(청송빌라),만수동 1095,장승로67-11(청송빌라) | 만수동 1095,1,[2025],mobile,
namdong_wydjh3er_001,district_file,namdong,37.4509286,126.7538429,wydjh3e,wydjh3er,장수서창동,장수동 779-13(전봇대),장수동 779-13(전봇대),장수동 779-13(전봇대) | 장수동 779-13(전봇대),1,[2025],mobile,
namdong_wydjh3sd_001,district_file,namdong,37.4501059,126.7555114,wydjh3s,wydjh3sd,장수서창동,장자로 46번길 15-11(장수동 790-7),장수동 790-7,장자로46번길 15-11(장수동 790-7) | 장수동 790-7,1,[2018],fixed,
namdong_wydjh40e_001,district_file,namdong,37.4529359,126.7391115,wydjh40,wydjh40e,만수4동,인수북로 16번길 9-8,만수동 61-2,인수북로16번길 9-8 | 만수동 61-2,1,[2025],mobile,
namdong_wydjh61x_001,district_file,namdong,37.453741,126.7513764,wydjh61,wydjh61x,만수6동,만수동 697-2(무네미로),만수동 697-2,만수동 697-2(무네미로) | 만수동 697-2,1,[2025],mobile,
namdong_wydjhh84_001,district_file,namdong,37.4666259,126.7384394,wydjhh8,wydjhh84,만수2동,만부로 12,만수동 1-31,만부로 12 | 만수동 1-31,1,[2024],mobile,
namdong_wydjhh88_001,district_file,namdong,37.4662055,126.7391833,wydjhh8,wydjhh88,만수2동,만부로 2-1 은혜자원 옆,만수동 1-30,만부로 2-1 은혜자원 옆 | 만수동 1-30,1,[2024],mobile,
seogu_wydj3qku_001,district_file,seogu,37.5203744,126.6242368,wydj3qk,wydj3qku,청라3동,보석로 11번길 9 옆 크린넷,,보석로11번길 9 옆 크린넷,1,,mobile,
seogu_wydj3qq5_001,district_file,seogu,37.520208,126.6257182,wydj3qq,wydj3qq5,청라3동,보석로 12번안길 10 옆 클린넷,,보석로12번안길 10 옆 클린넷,1,,mobile,
seogu_wydj3vmx_001,district_file,seogu,37.5154334,126.64711909999998,wydj3vm,wydj3vmx,연희동,심곡로 37-6 새롬그린주택옆,,심곡로 37-6 새롬그린주택옆(탁옥로34번길20 동성알미늄 옆),1,,fixed,
seogu_wydj3vn1_001,district_file,seogu,37.5131023,126.6477349,wydj3vn,wydj3vn1,신현원창동,원석로 196번길 53,,원석로 196번길 53,1,,mobile,
seogu_wydj3vn5_001,district_file,seogu,37.5134593,126.647902,wydj3vn,wydj3vn5,신현원창동,원석로 196번안길 4-10,,원석로196번안길 4-10,1,,mobile,
seogu_wydj3x0s_001,district_file,seogu,37.5246024,126.6293582,wydj3x0,wydj3x0s,청라3동,푸른로 8번길 7 옆 클린넷,,푸른로8번길 7 옆 클린넷,1,,mobile,
seogu_wydj3x1u_001,district_file,seogu,37.5245291,126.6309074,wydj3x1,wydj3x1u,청라3동,푸른로 13번길 12 픽스 치킨 옆 클린넷,,푸른로13번길 12 픽스 치킨 옆 클린넷,1,,mobile,
seogu_wydj3x62_001,district_file,seogu,37.5252722,126.6316809,wydj3x6,wydj3x62,청라3동,옥빛로 7번길 4 옆 크린넷,,옥빛로7번길 4 옆 크린넷,1,,mobile,
seogu_wydj3x69_001,district_file,seogu,37.5253898,126.6320941,wydj3x6,wydj3x69,청라3동,옥빛로 7번길 8 옆 크린넷,,옥빛로7번길 8 옆 크린넷,1,,mobile,
seogu_wydj4qvy_001,district_file,seogu,37.4795513,126.6694126,wydj4qv,wydj4qvy,가좌1동,장고개로 117번길 22 옆 순창한식부페 맞은편,,장고개로117번길 22 옆 순창한식부페 맞은편,1,,mobile,
seogu_wydj4xbb_001,district_file,seogu,37.4839843,126.6737058,wydj4xb,wydj4xbb,가좌1동,,가좌동 567 1,가좌동 567(가좌IC) 1 | 가좌동 567(가좌IC) 2,2,,mobile,
seogu_wydj570b_001,district_file,seogu,37.4580028,126.7066796,wydj570,wydj570b,석남2동,석남로 81번길 새인천교회앞,,석남로81번길 새인천교회앞,1,,mobile,
seogu_wydj63rp_001,district_file,seogu,37.4935181,126.6710064,wydj63r,wydj63rp,가좌1동,가정로 97번길 6-2 통돼지김치찌개 앞 전봇대,,가정로97번길 6-2 통돼지김치찌개 앞 전봇대,1,,mobile,
seogu_wydj63rz_001,district_file,seogu,37.4934812,126.6722795,wydj63r,wydj63rz,가좌1동,가정로 98번길 5-4,,가정로 98번길 5-4(대구뽈탕&콩나물국밥 옆 전봇대) ,1,,mobile,
seogu_wydj63tw_001,district_file,seogu,37.4947265,126.6692297,wydj63t,wydj63tw,가좌1동,건지로 250번길 50 진원골프클럽 앞 전봇대,,건지로250번길 50 진원골프클럽 앞 전봇대,1,,mobile,
seogu_wydj63xj_001,district_file,seogu,37.49448659999999,126.6710278,wydj63x,wydj63xj,가좌1동,가정로 111번길 3-1,,가정로111번길 3-1(원광빌라 1동 앞),1,,mobile,
seogu_wydj63xz_001,district_file,seogu,37.4949587,126.6722677,wydj63x,wydj63xz,가좌1동,,"가좌동 144-21, 대명유리 앞","가좌동 144-21, 대명유리 앞",1,,mobile,
seogu_wydj66jc_001,district_file,seogu,37.4965462,126.6695494,wydj66j,wydj66jc,가좌1동,건지로 250번길 30,,건지로 250번길 30,1,,mobile,
seogu_wydj66jt_001,district_file,seogu,37.49731939999999,126.669081,wydj66j,wydj66jt,가좌1동,가정로 137번길 24 송림빌라 다동 앞,,가정로137번길 24 송림빌라 다동 앞 ,1,,mobile,
seogu_wydj66jv_001,district_file,seogu,37.4972948,126.6694206,wydj66j,wydj66jv,가좌1동,가정로 137번길 20,,가정로137번길 20(예도빌라 앞),1,,mobile,
seogu_wydj66m1_001,district_file,seogu,37.4979112,126.6682875,wydj66m,wydj66m1,가좌1동,가정로 151번길 29이지콜렉션 앞),,가정로151번길 29((주)이지콜렉션 앞),1,,mobile,
seogu_wydj66t7_001,district_file,seogu,37.4996764,126.6688905,wydj66t,wydj66t7,석남2동,염곡로 172 석남경남아너스빌상가앞,,염곡로172 석남경남아너스빌상가앞,1,,fixed,
seogu_wydj66v6_001,district_file,seogu,37.5008359,126.6686762,wydj66v,wydj66v6,석남2동,"석남로 64, 현진맨션 담장",,"석남로 64, 현진맨션 담장",1,,mobile,
seogu_wydj66vd_001,district_file,seogu,37.500822,126.6692348,wydj66v,wydj66vd,석남2동,석남로 70,,석남로 70,1,,mobile,
seogu_wydj66zn_001,district_file,seogu,37.5015921,126.671101,wydj66z,wydj66zn,석남2동,"가정로 189번길 7, 로얄빌 앞",,"가정로189번길 7, 로얄빌 앞",1,,mobile,
seogu_wydj67m9_001,district_file,seogu,37.5034114,126.6690128,wydj67m,wydj67m9,석남2동,거북로 65 맞은편,,거북로 65 맞은편 | 거북로 65,2,,mobile,
seogu_wydj67n7_001,district_file,seogu,37.5024387,126.6699792,wydj67n,wydj67n7,석남2동,건지로 249번길 33 맞은편,,건지로249번길33 맞은편,1,,mobile,
seogu_wydj67pn_001,district_file,seogu,37.5030304,126.6712251,wydj67p,wydj67pn,석남2동,거북로 86,,거북로86(발도스커피 앞),1,,mobile,
seogu_wydj67pv_001,district_file,seogu,37.5027201,126.6722682,wydj67p,wydj67pv,아라동,바리미로 23 GS25 편의점 앞,,바리미로 23 GS25 편의점 앞(원당동 1034번지),1,,mobile,
seogu_wydj67w6_001,district_file,seogu,37.5049697,126.6702733,wydj67w,wydj67w6,석남2동,가정로 223번길 석남금호어울림106동앞,,가정로223번길 석남금호어울림106동앞,1,,fixed,
seogu_wydj67w9_001,district_file,seogu,37.5049102,126.6704045,wydj67w,wydj67w9,석남2동,길주로 76번길 15-1,,길주로76번길 15-1,1,,mobile,
seogu_wydj67x8_001,district_file,seogu,37.5046308,126.6717203,wydj67x,wydj67x8,석남2동,"길주로 88번길 19-1, 덕성빌라 앞",,"길주로88번길 19-1, 덕성빌라 앞(길주로88번길 19)",1,,mobile,
seogu_wydj67z3_001,district_file,seogu,37.5062024,126.6714379,wydj67z,wydj67z3,석남2동,길주로 86,,길주로 86,1,,mobile,
seogu_wydj682u_001,district_file,seogu,37.4875113,126.6737237,wydj682,wydj682u,가좌1동,가정로 38번길 18 영창테크노타운 출입구 1,,가정로38번길 18 영창테크노타운 출입구 1 | 가정로38번길 18 영창테크노타운 출입구 2,2,,mobile,
seogu_wydj68f9_001,district_file,seogu,37.4898078,126.6759994,wydj68f,wydj68f9,가좌3동,원적로 27번길 38-2 가좌역 공영주차장 옆,,원적로27번길 38-2 가좌역 공영주차장 옆,1,,mobile,
seogu_wydj68qm_001,district_file,seogu,37.4876645,126.6810791,wydj68q,wydj68qm,가좌4동,장고개로 260번길 25,,장고개로 260번길 25(대풍아트맨션 앞),1,,mobile,
seogu_wydj68qu_001,district_file,seogu,37.4874647,126.6816846,wydj68q,wydj68qu,가좌4동,장고개로 260-25 대풍아트맨션 앞,,장고개로 260-25 대풍아트맨션 앞(전신주),1,,mobile,
seogu_wydj68qz_001,district_file,seogu,37.4879746,126.6817554,wydj68q,wydj68qz,가좌4동,장고개로 268번길,,장고개로 268번길,1,,fixed,
seogu_wydj68rg_001,district_file,seogu,37.4873755,126.6831348,wydj68r,wydj68rg,가좌4동,열우물로 282번길 20-11 고려빌라 앞,,열우물로 282번길 20-11 고려빌라 앞(전신주),1,,mobile,
seogu_wydj68vs_001,district_file,seogu,37.4901725,126.6799723,wydj68v,wydj68vs,가좌3동,원적로 33 CU 앞,,원적로 33 CU 앞 ,1,,mobile,
seogu_wydj68wy_001,district_file,seogu,37.4891385,126.6816522,wydj68w,wydj68wy,가좌2동,"장고개로 287번길 20, 무궁화빌라 11동 옆",,"장고개로287번길 20, 무궁화빌라 11동 옆",1,,mobile,
seogu_wydj68xx_001,district_file,seogu,37.4893192,126.6829981,wydj68x,wydj68xx,가좌2동,"장고개로 287번길 7, 다이어트짐 뒷골목",,"장고개로287번길 7, 다이어트짐 뒷골목",1,,mobile,
seogu_wydj68yc_001,district_file,seogu,37.4897077,126.6816689,wydj68y,wydj68yc,가좌2동,장고개로 275번길 15-7 월드세라믹빌라 9동 앞,,장고개로 275번길 15-7 월드세라믹빌라 9동 앞,1,,mobile,
seogu_wydj68yu_001,district_file,seogu,37.4903219,126.6818962,wydj68y,wydj68yu,가좌2동,장고개로 275번길 19 성광빌라B동앞전신주,,장고개로275번길19 성광빌라B동앞전신주,1,,fixed,
seogu_wydj68ze_001,district_file,seogu,37.4901004,126.6827788,wydj68z,wydj68ze,가좌2동,"장고개로 293번길 13, 성광빌라 6동 앞",,"장고개로293번길 13, 성광빌라 6동 앞",1,,mobile,
seogu_wydj6914_001,district_file,seogu,37.4913416,126.6738668,wydj691,wydj6914,가좌1동,가정로 78번길 24,,가정로78번길 24(명보빌라 10동 앞),1,,mobile,
seogu_wydj692h_001,district_file,seogu,37.4930721,126.6726236,wydj692,wydj692h,가좌1동,가정로 98번길 8-1 가좌그린빌1동앞,,가정로98번길 8-1 가좌그린빌1동앞,1,,mobile,
seogu_wydj692x_001,district_file,seogu,37.4934709,126.6732903,wydj692,wydj692x,가좌1동,건지로 284번길 62-1 통큰생오리 앞,,건지로284번길62-1 통큰생오리 앞 ,1,,mobile,
seogu_wydj693f_001,district_file,seogu,37.4926864,126.6750132,wydj693,wydj693f,가좌1동,가남로 123-1 에덴빌라,,가남로 123-1 에덴빌라,1,,mobile,
seogu_wydj695f_001,district_file,seogu,37.4912868,126.6777369,wydj695,wydj695f,가좌3동,원적로 47번길 23,,원적로47번길 23,1,,mobile,
seogu_wydj695h_001,district_file,seogu,37.491575,126.6768124,wydj695,wydj695h,가좌3동,신진말로 14번길 20 건너편,,신진말로14번길 20 건너편,1,,mobile,
seogu_wydj697e_001,district_file,seogu,37.4927544,126.6773147,wydj697,wydj697e,가좌3동,,가좌동 210 신한연립 사동 의류수거함 인근,가좌동 210 신한연립 사동 의류수거함 인근,1,,mobile,
seogu_wydj6988_001,district_file,seogu,37.4937061,126.6733115,wydj698,wydj6988,가좌1동,"건지로 284번길 62, 대인빌라 옆",,"건지로284번길62, 대인빌라 옆",1,,mobile,
seogu_wydj69b8_001,district_file,seogu,37.4950953,126.6733078,wydj69b,wydj69b8,가좌1동,건지로 284번길 46-2 평화빌라 입구 전봇대,,건지로284번길 46-2 평화빌라 입구 전봇대,1,,mobile,
seogu_wydj69ch_001,district_file,seogu,37.4956863,126.6738546,wydj69c,wydj69ch,가좌1동,,가좌동 111-9 세성주택과 하늘샘교회 사이 담벼락,가좌동 111-9 세성주택과 하늘샘교회 사이 담벼락,1,,mobile,
seogu_wydj69f1_001,district_file,seogu,37.4952518,126.6751697,wydj69f,wydj69f1,가좌1동,가남로 151-2 성원주택 앞,,가남로 151-2 성원주택 앞,1,,mobile,
seogu_wydj69f4_001,district_file,seogu,37.4954298,126.6751892,wydj69f,wydj69f4,가좌1동,"가정로 126번길 32, 신동아홈타운 앞",,"가정로126번길 32, 신동아홈타운 앞(다리 밑)",1,,mobile,
seogu_wydj69fp_001,district_file,seogu,37.49617600000001,126.6752554,wydj69f,wydj69fp,가좌1동,가남로 161-4,,가남로 161-4(광명아트빌 1동 앞),2,,mobile,
seogu_wydj69gk_001,district_file,seogu,37.4957083,126.6770459,wydj69g,wydj69gk,가좌3동,가석로 126번길 9 앞 사거리,,가석로 126번길 9 앞 사거리,1,,fixed,
seogu_wydj69m1_001,district_file,seogu,37.492409,126.6794809,wydj69m,wydj69m1,가좌3동,원적로 57번길 8 맞은 편,,원적로57번길 8 맞은 편(동 행정복지센터 입구),1,,mobile,
seogu_wydj6b0w_001,district_file,seogu,37.4865517,126.6842596,wydj6b0,wydj6b0w,가좌4동,고래울로 24번길,,고래울로 24번길(가좌이음숲 앞),1,,mobile,
seogu_wydj6b1f_001,district_file,seogu,37.4857168,126.685934,wydj6b1,wydj6b1f,가좌4동,고래울로 38번길 9-7 옆 가정여중 담벼락,,고래울로 38번길 9-7 옆(전신주) 가정여중 담벼락,1,,mobile,
seogu_wydj6b1s_001,district_file,seogu,37.4860783,126.6857372,wydj6b1,wydj6b1s,가좌4동,고래울로 38번길 4-1,,고래울로 38번길 4-1,1,,fixed,
seogu_wydj6b2j_001,district_file,seogu,37.4877113,126.6833769,wydj6b2,wydj6b2j,가좌4동,열우물로 282번길 28-1 맞은편 공원 안,, 열우물로282번길 28-1 맞은편 공원 안,1,,mobile,
seogu_wydj6b3f_001,district_file,seogu,37.4872246,126.685948,wydj6b3,wydj6b3f,가좌4동,고래울로 27-7,,고래울로 27-7,1,,mobile,
seogu_wydj6b4t_001,district_file,seogu,37.4863182,126.6870161,wydj6b4,wydj6b4t,가좌4동,고래울로 43번길 4,,고래울로 43번길 4,1,,fixed,
seogu_wydj6b4z_001,district_file,seogu,37.4866539,126.6873823,wydj6b4,wydj6b4z,가좌4동,여우재로 95,,여우재로 95,1,,mobile,
seogu_wydj6b5n_001,district_file,seogu,37.48642419999999,126.687522,wydj6b5,wydj6b5n,가좌4동,여우재로 91 세승부동산 맞은편,,여우재로 91 세승부동산 맞은편,1,,mobile,
seogu_wydj6b5t_001,district_file,seogu,37.4863646,126.688359,wydj6b5,wydj6b5t,가좌4동,여우재로 86번길 6,,여우재로86번길 6,1,,mobile,
seogu_wydj6b60_001,district_file,seogu,37.4867374,126.6861749,wydj6b6,wydj6b60,가좌4동,고래울로 35,,고래울로 35(가좌울공원 앞),1,,mobile,
seogu_wydj6b6g_001,district_file,seogu,37.4873334,126.6873922,wydj6b6,wydj6b6g,가좌4동,여우재로 102번길,,여우재로 102번길,1,,fixed,
seogu_wydj6b6j_001,district_file,seogu,37.4876001,126.6861668,wydj6b6,wydj6b6j,가좌4동,고래울로 37번길 14-1,,고래울로37번길 14-1,1,,mobile,
seogu_wydj6b6q_001,district_file,seogu,37.4878954,126.6864912,wydj6b6,wydj6b6q,가좌4동,고래울로 43번길 24 맞은편,,고래울로43번길 24 맞은편,1,,mobile,
seogu_wydj6b6r_001,district_file,seogu,37.4879636,126.6867308,wydj6b6,wydj6b6r,가좌4동,여우재로 111번길 1 대각선,,여우재로111번길 1 대각선,1,,mobile,
seogu_wydj6b7r_001,district_file,seogu,37.4880441,126.6879576,wydj6b7,wydj6b7r,가좌4동,여우재로 112번길 8-7 로얄빌라,,여우재로112번길 8-7 로얄빌라,1,,mobile,
seogu_wydj6bkg_001,district_file,seogu,37.4872749,126.6901144,wydj6bk,wydj6bkg,가좌4동,여우재로 82번길 25-1,,여우재로 82번길 25-1(한전길) | 여우재로82번길 25,2,,mobile,
seogu_wydj6btq_001,district_file,seogu,37.4892412,126.690656,wydj6bt,wydj6btq,가좌4동,여우재로 82번길 27 앞,,여우재로 82번길 27 앞(전신주),1,,mobile,
seogu_wydj6c3g_001,district_file,seogu,37.4927913,126.6858387,wydj6c3,wydj6c3g,가좌2동,"장고개로 337번길 7, 크라운호프 옆인도 전신주",,"장고개로337번길 7, 크라운호프 옆인도 전신주",1,,mobile,
seogu_wydj6c8k_001,district_file,seogu,37.4943159,126.6839412,wydj6c8,wydj6c8k,가좌2동,원적로 100번길 가좌한신휴115동앞도로전신주,,원적로100번길 가좌한신휴115동앞도로전신주 | 원적로100번길 가좌한신휴1단지경비실옆전신주,3,,fixed,
seogu_wydj6cfh_001,district_file,seogu,37.4957254,126.6861152,wydj6cf,wydj6cfh,가좌2동,"건지로 401, 에이스프라자 건물 옆 골목 전주",,"건지로 401, 에이스프라자 건물 옆 골목 전주",1,,mobile,
seogu_wydj6d2s_001,district_file,seogu,37.4985506,126.6733358,wydj6d2,wydj6d2s,가좌1동,"가정로 152번길 13, 진아연립 ‘다’동 앞",,"가정로152번길 13, 진아연립 ‘다’동 앞 ",1,,mobile,
seogu_wydj6d3f_001,district_file,seogu,37.4981185,126.6749988,wydj6d3,wydj6d3f,가좌1동,가정로 152번길 28-1 대성빌라 앞 인도,,가정로152번길 28-1 대성빌라 앞 인도,1,,mobile,
seogu_wydj6d4w_001,district_file,seogu,37.4974539,126.676085,wydj6d4,wydj6d4w,가좌1동,가남로 191-2 세화빌라 앞,,가남로 191-2 세화빌라 앞(육교 계단 및 전봇대),1,,mobile,
seogu_wydj6d4y_001,district_file,seogu,37.4974268,126.6761954,wydj6d4,wydj6d4y,가좌1동,가남로 189 세화빌라,,가남로 189 세화빌라 | 가석로156번길 14-1,2,,"fixed,mobile",
seogu_wydj6d8u_001,district_file,seogu,37.4998727,126.6736723,wydj6d8,wydj6d8u,석남2동,"석남로 110번길 10, 낙원연립 e-발소 옆",,"석남로110번길 10, 낙원연립 e-발소 옆",1,,mobile,
seogu_wydj6dbv_001,district_file,seogu,37.5014799,126.6736393,wydj6db,wydj6dbv,석남2동,"가정로 190번길 14-1, 다솜빌 앞",,"가정로190번길 14-1, 다솜빌 앞",1,,mobile,
seogu_wydj6dce_001,district_file,seogu,37.5010161,126.6744608,wydj6dc,wydj6dce,석남2동,"석남로 115번길 1 앞, 아성자원 맞은편",,"석남로115번길 1 앞, 아성자원 맞은편",1,,mobile,
seogu_wydj6ddm_001,district_file,seogu,37.5000039,126.6754904,wydj6dd,wydj6ddm,석남2동,"가남로 203-4, 담벼락",,"가남로 203-4, 담벼락(가남로203-1)",1,,mobile,
seogu_wydj6deb_001,district_file,seogu,37.4992242,126.6775862,wydj6de,wydj6deb,석남3동,건지로 317,,건지로 317(산들맨션 103동 앞),1,,mobile,
seogu_wydj6deg_001,district_file,seogu,37.4996511,126.6777661,wydj6de,wydj6deg,석남3동,서달로 11번길 4,,서달로11번길 4(명화빌라 앞),1,,mobile,
seogu_wydj6des_001,district_file,seogu,37.4998833,126.6772629,wydj6de,wydj6des,석남3동,길주로 142번길 70,,길주로142번길 70(신안주택 앞),1,,mobile,
seogu_wydj6dff_001,district_file,seogu,37.5008237,126.6762501,wydj6df,wydj6dff,석남3동,가석로 182 효마을타운 102동 앞,,가석로 182 효마을타운 102동 앞,1,,fixed,
seogu_wydj6dgq_001,district_file,seogu,37.5016216,126.6770101,wydj6dg,wydj6dgq,석남3동,건지로 311번길 28-1,,건지로311번길 28-1(유성주택 앞),1,,mobile,
seogu_wydj6djd_001,district_file,seogu,37.4967113,126.6800412,wydj6dj,wydj6djd,가좌3동,가석로 156번길 46-5 앞,,가석로156번길 46-5 앞 ,1,,mobile,
seogu_wydj6dm2_001,district_file,seogu,37.4977323,126.6797321,wydj6dm,wydj6dm2,가좌3동,건지로 340-1,,건지로340-1,1,,fixed,
seogu_wydj6dsr_001,district_file,seogu,37.5003095,126.6783333,wydj6ds,wydj6dsr,석남3동,서달로 20번길 1,,서달로20번길1(명성하이츠 건너편),1,,fixed,
seogu_wydj6dty_001,district_file,seogu,37.500157,126.6804414,wydj6dt,wydj6dty,석남3동,,석남동 산 17-5 맞은편,석남동 산 17-5 맞은편,1,,mobile,
seogu_wydj6dy1_001,district_file,seogu,37.5007885,126.6806177,wydj6dy,wydj6dy1,석남3동,서달로 20번길 13-21 씨엠벨리 102동,,서달로20번길 13-21 씨엠벨리 102동,1,,mobile,
seogu_wydj6e07_001,district_file,seogu,37.50247890000001,126.6727493,wydj6e0,wydj6e07,석남2동,"거북로 102번길 6-1, 덕진맨션 앞",,"거북로102번길 6-1, 덕진맨션 앞",1,,mobile,
seogu_wydj6e1g_001,district_file,seogu,37.502433,126.6749627,wydj6e1,wydj6e1g,석남2동,"거북로 118번길 5-4, 석남2동 행정복지센터 후문 담 전주",,"거북로118번길 5-4, 석남2동 행정복지센터 후문 담 전주",1,,mobile,
seogu_wydj6e1s_001,district_file,seogu,37.50265230000001,126.6746743,wydj6e1,wydj6e1s,석남2동,거북로 118,,거북로 118,1,,mobile,
seogu_wydj6e76_001,district_file,seogu,37.5035865,126.6770862,wydj6e7,wydj6e76,석남3동,길주로 136번길 29-3,,길주로136번길 29-3(삼용빌라 앞),1,,mobile,
seogu_wydj6e84_001,district_file,seogu,37.5050657,126.6724616,wydj6e8,wydj6e84,석남2동,"가정로 224, 조선부뚜막 앞",,"가정로224, 조선부뚜막 앞",1,,mobile,
seogu_wydj6e8u_001,district_file,seogu,37.5054076,126.6736532,wydj6e8,wydj6e8u,석남2동,면개로포로 28번길 8-2,,면개로포로28번길 8-2,1,,mobile,
seogu_wydj6e9g_001,district_file,seogu,37.5052298,126.6748297,wydj6e9,wydj6e9g,석남2동,면개로포로 28번길 18,,면개로포로28번길 18,1,,mobile,
seogu_wydj6e9r_001,district_file,seogu,37.5058702,126.6743064,wydj6e9,wydj6e9r,석남2동,"길주로 112, 오리온연립 앞",,"길주로 112, 오리온연립 앞",1,,mobile,
seogu_wydj6ed0_001,district_file,seogu,37.50473330000001,126.6753424,wydj6ed,wydj6ed0,석남2동,거북로 119번길 18 맞은편,,거북로119번길 18 맞은편(가정로224번길 19-1),1,,mobile,
seogu_wydj6eeg_001,district_file,seogu,37.5052489,126.6776026,wydj6ee,wydj6eeg,석남3동,길주로 142번길 10,,길주로142번길 10,1,,fixed,
seogu_wydj6efe_001,district_file,seogu,37.50647319999999,126.6758043,wydj6ef,wydj6efe,석남1동,,"석남 제1고가 밑, 석남동 495-19 앞 고가 밑 인도","석남 제1고가 밑, 석남동 495-19 앞 고가 밑 인도",1,,mobile,
seogu_wydj6eg0_001,district_file,seogu,37.5059991,126.6765684,wydj6eg,wydj6eg0,석남3동,가석로 240-2,,가석로 240-2(드림빌라 8동 앞),1,,mobile,
seogu_wydj6esj_001,district_file,seogu,37.5055925,126.67816719999998,wydj6es,wydj6esj,석남3동,서달로 77 효성아파트,,서달로 77 효성아파트,1,,mobile,
seogu_wydj6f19_001,district_file,seogu,37.4965689,126.6854432,wydj6f1,wydj6f19,가좌2동,원적로 124번길 7,,원적로124번길 7 (백한화이트빌리지 앞),1,,fixed,
seogu_wydj6f1b_001,district_file,seogu,37.4964251,126.6860898,wydj6f1,wydj6f1b,가좌2동,"건지로 399번길 9, 동서빌라 3동 앞",,"건지로399번길 9, 동서빌라 3동 앞",1,,fixed,
seogu_wydj6f4h_001,district_file,seogu,37.4970495,126.6861075,wydj6f4,wydj6f4h,가좌2동,원적로 124번길 7-22,,원적로124번길 7-22(우진빌라 5동 옆),1,,mobile,
seogu_wydj6kcx_001,district_file,seogu,37.5126808,126.6635555,wydj6kc,wydj6kcx,석남1동,율도로 16번길 12 앞,,율도로16번길12 앞,1,,fixed,
seogu_wydj6kdh_001,district_file,seogu,37.5108159,126.6643735,wydj6kd,wydj6kdh,석남1동,"새오개로 9 신석초등학교 정문, 맞은편",,"새오개로 9 신석초등학교 정문, 맞은편",1,,mobile,
seogu_wydj6keg_001,district_file,seogu,37.51058829999999,126.6667574,wydj6ke,wydj6keg,석남1동,율도로 42번길 33 동부빌라,,율도로42번길 33 동부빌라,1,,mobile,
seogu_wydj6keh_001,district_file,seogu,37.5108439,126.6655783,wydj6ke,wydj6keh,석남1동,"새오개로 8-5, 의류함 옆",,"새오개로 8-5, 의류함 옆",1,,mobile,
seogu_wydj6ker_001,district_file,seogu,37.511286,126.666068,wydj6ke,wydj6ker,석남1동,새오개로 16번길 8,,새오개로16번길 8,1,,fixed,
seogu_wydj6kgn_001,district_file,seogu,37.5126429,126.6657242,wydj6kg,wydj6kgn,석남1동,율도로 36번길 8-11 미래타운 앞,,율도로36번길 8-11 미래타운 앞,1,,fixed,
seogu_wydj6kgq_001,district_file,seogu,37.5126289,126.6659452,wydj6kg,wydj6kgq,석남1동,염곡로 311번길 24,,염곡로311번길24,1,,fixed,
seogu_wydj6kj2_001,district_file,seogu,37.5073983,126.6688356,wydj6kj,wydj6kj2,석남1동,길주로 63번길 9,,길주로63번길 9,1,,mobile,
seogu_wydj6kjc_001,district_file,seogu,37.507609,126.6694942,wydj6kj,wydj6kjc,석남1동,"염곡로 260번길 12, 제니스 15차 맞은편",," 염곡로 260번길 12, 제니스 15차 맞은편",1,,mobile,
seogu_wydj6kjx_001,district_file,seogu,37.5086283,126.6691685,wydj6kj,wydj6kjx,석남1동,염곡로 260번길 17 신촌경로당,,염곡로260번길 17 신촌경로당,1,,mobile,
seogu_wydj6kkx_001,district_file,seogu,37.5100279,126.6677406,wydj6kk,wydj6kkx,석남1동,신석로 52,,신석로52,1,,fixed,
seogu_wydj6km6_001,district_file,seogu,37.5091474,126.668918,wydj6km,wydj6km6,석남1동,길주로 63번길 27-1 원광빌라 앞,,길주로63번길 27-1 원광빌라 앞,1,,mobile,
seogu_wydj6kmd_001,district_file,seogu,37.5092035,126.6692227,wydj6km,wydj6kmd,가좌1동,가남로 119-2 은성빌라 앞 전봇대,,가남로119-2 은성빌라 앞 전봇대,1,,mobile,
seogu_wydj6kms_001,district_file,seogu,37.5093882,126.6689546,wydj6km,wydj6kms,석남1동,길주로 63번길 31,,길주로63번길 31,1,,mobile,
seogu_wydj6knb_001,district_file,seogu,37.507339,126.6707336,wydj6kn,wydj6knb,석남1동,칠천왕로 7번길 8 상상빌리지 앞,,칠천왕로7번길 8 상상빌리지 앞,1,,mobile,
seogu_wydj6knz_001,district_file,seogu,37.5086271,126.670788,wydj6kn,wydj6knz,석남1동,염곡로 272번길 22,,염곡로272번길22,1,,mobile,
seogu_wydj6kqh_001,district_file,seogu,37.5094794,126.6696548,wydj6kq,wydj6kqh,석남1동,칠천왕로 33번길 20,,칠천왕로33번길 20,1,,mobile,
seogu_wydj6krn_001,district_file,seogu,37.5097283,126.6712307,wydj6kr,wydj6krn,석남1동,신석로 82-2,,신석로 82-2,1,,mobile,
seogu_wydj6kud_001,district_file,seogu,37.5118286,126.6676837,wydj6ku,wydj6kud,석남1동,"신석로 51번길 19, 맞은편 바다어린이집 놀이터 쪽",,"신석로51번길 19, 맞은편 바다어린이집 놀이터 쪽",1,,mobile,
seogu_wydj6kuj_001,district_file,seogu,37.5123916,126.6671886,wydj6ku,wydj6kuj,석남1동,새오개로 22번길 17-7,,새오개로22번길 17-7,1,,mobile,
seogu_wydj6kuv_001,district_file,seogu,37.5123291,126.6682429,wydj6ku,wydj6kuv,석남1동,염곡로 311번길 1 앞,,염곡로 311번길 1 앞,1,,fixed,
seogu_wydj6kvv_001,district_file,seogu,37.5124372,126.669457,wydj6kv,wydj6kvv,석남1동,"율도로 66번길 11, 정석빌라 맞은편",,"율도로 66번길 11, 정석빌라 맞은편",1,,mobile,
seogu_wydj6kwg_001,district_file,seogu,37.510644,126.6707287,wydj6kw,wydj6kwg,석남1동,"강남로 7번길 10-2, 황금부동산 맞은편",,"강남로7번길 10-2, 황금부동산 맞은편",1,,mobile,
seogu_wydj6kx1_001,district_file,seogu,37.5103498,126.6710332,wydj6kx,wydj6kx1,석남1동,강남로 7번길 7 보성빌라 앞,,강남로7번길 7 보성빌라 앞,1,,fixed,
seogu_wydj6kx6_001,district_file,seogu,37.5104194,126.6716581,wydj6kx,wydj6kx6,석남1동,"강남로 7번길 1, 한강빌라 앞 담벼락",,"강남로7번길 1, 한강빌라 앞 담벼락",1,,mobile,
seogu_wydj6kyd_001,district_file,seogu,37.5117985,126.6705544,wydj6ky,wydj6kyd,석남1동,"신석로 77번길 21, 신석로 71 월드메르디앙 사잇길",,"신석로77번길 21, 신석로 71 월드메르디앙 사잇길",1,,mobile,
seogu_wydj6m5x_001,district_file,seogu,37.5140725,126.6663219,wydj6m5,wydj6m5x,신현원창동,율도로 35 신현빌라 2동,,율도로 35 신현빌라 2동,1,,mobile,
seogu_wydj6mds_001,district_file,seogu,37.5163593,126.664823,wydj6md,wydj6mds,신현원창동,율도로 15번길 26-7,,"율도로15번길 26-7(서윤유통, 동진아파트 사이)",1,,mobile,
seogu_wydj6mf1_001,district_file,seogu,37.5172589,126.6641634,wydj6mf,wydj6mf1,신현원창동,율도로 15번길 38,,율도로15번길 38,1,,mobile,
seogu_wydj6mg9_001,district_file,seogu,37.517214,126.6663398,wydj6mg,wydj6mg9,신현원창동,새오개로 78번길 7-7,,새오개로78번길 7-7,1,,mobile,
seogu_wydj6mhq_001,district_file,seogu,37.5139907,126.6675125,wydj6mh,wydj6mhq,신현원창동,율도로 47-4 맞은편 공터,,율도로 47-4 맞은편 공터,1,,mobile,
seogu_wydj6mkw_001,district_file,seogu,37.5153095,126.6677969,wydj6mk,wydj6mkw,신현원창동,염곡로 327번길 19,,염곡로327번길19(어린이집-장터정육백화점사이),1,,mobile,
seogu_wydj6mm0_001,district_file,seogu,37.514315,126.66848,wydj6mm,wydj6mm0,신현원창동,염곡로 331-1,,염곡로331-1,1,,mobile,
seogu_wydj6mm4_001,district_file,seogu,37.5145738,126.6684843,wydj6mm,wydj6mm4,신현원창동,염곡로 335 미르부동산,,염곡로 335 미르부동산,1,,mobile,
seogu_wydj6mmg_001,district_file,seogu,37.5148606,126.6693542,wydj6mm,wydj6mmg,신현원창동,율도로 65번길 13-1 전봇대,,율도로65번길13-1 전봇대(신현초 뒤쪽) ,1,,mobile,
seogu_wydj6mpf_001,district_file,seogu,37.5132609,126.6721451,wydj6mp,wydj6mpf,석남1동,율도로 90 앞,, 율도로 90 앞,1,,fixed,
seogu_wydj6mqu_001,district_file,seogu,37.5149921,126.6707447,wydj6mq,wydj6mqu,신현원창동,가정로 335번길 18,,가정로335번길 18(효성빌딩),1,,fixed,
seogu_wydj6mrf_001,district_file,seogu,37.5146623,126.6722634,wydj6mr,wydj6mrf,신현원창동,가정로 335번길 3,,가정로 335번길 3,1,,mobile,
seogu_wydj6ms6_001,district_file,seogu,37.5159251,126.6672974,wydj6ms,wydj6ms6,신현원창동,새오개로 68번길 18,,"새오개로68번길18(성원빌라)
",1,,fixed,
seogu_wydj6msz_001,district_file,seogu,37.5169096,126.6682283,wydj6ms,wydj6msz,신현원창동,염곡로 327번길 38,,염곡로 327번길 38,1,,mobile,
seogu_wydj6mw4_001,district_file,seogu,37.5160404,126.6699437,wydj6mw,wydj6mw4,신현원창동,율도로 65번길 28 한양연립,,율도로65번길 28 한양연립,1,,mobile,
seogu_wydj6mwb_001,district_file,seogu,37.5156636,126.6707959,wydj6mw,wydj6mwb,신현원창동,신현로 23번길 12,,신현로23번길 12(cu),1,,fixed,
seogu_wydj6mws_001,district_file,seogu,37.5163792,126.6706003,wydj6mw,wydj6mws,신현원창동,가정로 351번길 22,,가정로 351번길 22,1,,mobile,
seogu_wydj6mx8_001,district_file,seogu,37.5156316,126.6719679,wydj6mx,wydj6mx8,신현원창동,신현로 23번길 2,,신현로23번길 2,1,,mobile,
seogu_wydj6mxf_001,district_file,seogu,37.5160388,126.6722902,wydj6mx,wydj6mxf,신현원창동,신현로 30,,신현로 30,1,,mobile,
seogu_wydj6mxg_001,district_file,seogu,37.5161187,126.6720343,wydj6mx,wydj6mxg,신현원창동,신현로 29-1,,신현로 29-1(경성빌라쪽),1,,fixed,
seogu_wydj6pur_001,district_file,seogu,37.52924489999999,126.6562712,wydj6pu,wydj6pur,청라1동,청라에메랄드로 41번길 27,,청라에메랄드로41번길 27,1,,mobile,
seogu_wydj6pzg_001,district_file,seogu,37.5285521,126.6613445,wydj6pz,wydj6pzg,청라1동,,청라동 185-5,청라동 185-5(심곡천),1,,mobile,
seogu_wydj6q45_001,district_file,seogu,37.5189889,126.6642672,wydj6q4,wydj6q45,신현원창동,원창로 131번길 12-1,,원창로131번길 12-1(맞은편 신현중 모서리),1,,mobile,
seogu_wydj6q73_001,district_file,seogu,37.5199722,126.6660437,wydj6q7,wydj6q73,신현원창동,새오개로 109-1,,새오개로 109-1,1,,mobile,
seogu_wydj6q9r_001,district_file,seogu,37.5224292,126.6633953,wydj6q9,wydj6q9r,신현원창동,새오개로 111번안길 19-1,,새오개로111번안길 19-1,1,,mobile,
seogu_wydj6qh1_001,district_file,seogu,37.5185467,126.6670702,wydj6qh,wydj6qh1,신현원창동,원창로 157번길 8-1,,원창로157번길8-1 (신현북초등학교 ),1,,fixed,
seogu_wydj6re1_001,district_file,seogu,37.5268566,126.66557290000002,wydj6re,wydj6re1,가정1동,,승학로 가정동 산 3,승학로 가정동 산 3,1,,mobile,
seogu_wydj6rxc_001,district_file,seogu,37.5267316,126.6720275,wydj6rx,wydj6rxc,아라동,이음5로 66,,이음5로 66(검단 서영아너시티1차 앞) ,1,,mobile,
seogu_wydj6s19_001,district_file,seogu,37.5076015,126.6745866,wydj6s1,wydj6s19,석남1동,"옻우물로 14번길 13,15 건너편",,"옻우물로14번길 13,15 건너편(중앙아파트 담장)",1,,mobile,
seogu_wydj6s1j_001,district_file,seogu,37.50825469999999,126.6739217,wydj6s1,wydj6s1j,석남1동,가정로 262번길 13 룩소르 앞,,가정로 262번길 13 룩소르 앞,1,,mobile,
seogu_wydj6s27_001,district_file,seogu,37.509274,126.6729557,wydj6s2,wydj6s27,석남1동,옻우물로 31-1앞,,옻우물로31-1앞(석남동 509-19),1,,mobile,
seogu_wydj6s2g_001,district_file,seogu,37.5093583,126.6736672,wydj6s2,wydj6s2g,석남1동,옻우물로 34번길 3-1,,옻우물로34번길 3-1,1,,mobile,
seogu_wydj6s35_001,district_file,seogu,37.5093185,126.6740257,wydj6s3,wydj6s35,석남1동,옻우물로 34번길 7,,옻우물로34번길 7,1,,mobile,
seogu_wydj6s3t_001,district_file,seogu,37.5096169,126.6746142,wydj6s3,wydj6s3t,석남1동,신석로 112번길 1,,신석로112번길 1,1,,mobile,
seogu_wydj6s45_001,district_file,seogu,37.507888,126.6751997,wydj6s4,wydj6s45,석남1동,"신석로 122번길 22, 이클래스 앞",,"신석로122번길 22, 이클래스 앞",1,,mobile,
seogu_wydj6s4d_001,district_file,seogu,37.507704,126.6759237,wydj6s4,wydj6s4d,석남1동,가남로 291번길 3 하이카프라자 옆 전봇대,,가남로291번길 3 하이카프라자 옆 전봇대,1,,mobile,
seogu_wydj6s6h_001,district_file,seogu,37.5095102,126.6753798,wydj6s6,wydj6s6h,석남1동,"신석로 122번길 2-1, 신라장 맞은편",,"신석로122번길2-1, 신라장 맞은편",1,,mobile,
seogu_wydj6s8q_001,district_file,seogu,37.5111729,126.6728416,wydj6s8,wydj6s8q,석남1동,가정로 296,,가정로 296,1,,mobile,
seogu_wydj6sdx_001,district_file,seogu,37.5113607,126.6759573,wydj6sd,wydj6sdx,석남1동,신석로 121번길 16 현광아파트 가동 측면 벽,,신석로121번길 16 현광아파트 가동 측면 벽,1,,mobile,
seogu_wydj6sfu_001,district_file,seogu,37.5121863,126.6761462,wydj6sf,wydj6sfu,석남1동,가남로 339,,가남로 339,1,,mobile,
seogu_wydj6shh_001,district_file,seogu,37.5080628,126.6779678,wydj6sh,wydj6shh,석남3동,서달로 123번안길 19,,서달로123번안길 19 (아이큰숲 어린이집 건너편),1,,fixed,
seogu_wydj6sy8_001,district_file,seogu,37.5115111,126.681413,wydj6sy,wydj6sy8,석남3동,서달로 130번길 27,,서달로130번길 27(원일그린빌 107동 앞),1,,mobile,
seogu_wydj6t1v_001,district_file,seogu,37.5138285,126.6747694,wydj6t1,wydj6t1v,가정1동,율도로 111번길 6 맞은편,,율도로111번길 6 맞은편,1,,mobile,
seogu_wydj6t2b_001,district_file,seogu,37.51422489999999,126.67356,wydj6t2,wydj6t2b,가정1동,가경주로 10 수정어린이집 맞은편 전신주,,가경주로 10 수정어린이집 맞은편 전신주,1,,mobile,
seogu_wydj6t36_001,district_file,seogu,37.5145792,126.6742982,wydj6t3,wydj6t36,가정1동,가정로 336번길 12-1,,가정로 336번길 12-1(인정아트빌 104동 106동 사이),1,,mobile,
seogu_wydj6t38_001,district_file,seogu,37.5142703,126.6745542,wydj6t3,wydj6t38,가정1동,가경주로 10번길 9-1 화신빌라 b동앞,,가경주로10번길9-1 화신빌라 b동앞(친구네 맞은편),1,,mobile,
seogu_wydj6t3g_001,district_file,seogu,37.5148652,126.6748773,wydj6t3,wydj6t3g,가정1동,가정로 336번길 17,,가정로336번길 17,1,,fixed,
seogu_wydj6t6r_001,district_file,seogu,37.51549869999999,126.675593,wydj6t6,wydj6t6r,가정1동,원창로 240번길 22,,원창로240번길 22,1,,mobile,
seogu_wydj6t9y_001,district_file,seogu,37.5167223,126.6748226,wydj6t9,wydj6t9y,가정1동,"가경주로 40번길, 가정주차장 앞",,"가경주로40번길, 가정주차장 앞",1,,mobile,
seogu_wydj6tch_001,district_file,seogu,37.5177333,126.6738327,wydj6tc,wydj6tch,가정1동,"석곶로 2, 인형뽑기앞",,"석곶로2, 인형뽑기앞(가정동 507-5)",1,,mobile,
seogu_wydj6tdf_001,district_file,seogu,37.5159199,126.6764469,wydj6td,wydj6tdf,가정1동,가정로 352번길 32 성진주택,,가정로352번길32 성진주택(딜러 맞은편 전봇대),1,,mobile,
seogu_wydj6tf5_001,district_file,seogu,37.5175978,126.675173,wydj6tf,wydj6tf5,가정1동,원창로 231,,원창로 231,1,,mobile,
seogu_wydj6tfp_001,district_file,seogu,37.5182498,126.6752117,wydj6tf,wydj6tfp,가정1동,석곶로 8번길 13,,석곶로8번길 13,1,,mobile,
seogu_wydj6tgm_001,district_file,seogu,37.517866,126.677058,wydj6tg,wydj6tgm,가정1동,,,가정중앙시장역 육교 및 아래 2,1,,mobile,
seogu_wydj6tsr_001,district_file,seogu,37.5169343,126.6785355,wydj6ts,wydj6tsr,가정3동,서달로 193번길 6-11 대진빌라3동앞,,서달로193번길6-11 대진빌라3동앞,1,,fixed,
seogu_wydj6tu1_001,district_file,seogu,37.5172595,126.6781073,wydj6tu,wydj6tu1,가정3동,"서달로 193번길 12-29, 태성빌라 3동 전봇대",,"서달로193번길 12-29, 태성빌라 3동 전봇대(천막 덮혀있는곳 쪽)",1,,mobile,
seogu_wydj6tu6_001,district_file,seogu,37.5172932,126.6784333,wydj6tu,wydj6tu6,가정3동,서달로 193번길 12-34,,서달로193번길12-34 | 서달로193번길 12-36 (삼합주택 1동 앞),2,,"fixed,mobile",
seogu_wydj6tuz_001,district_file,seogu,37.5181688,126.6791434,wydj6tu,wydj6tuz,가정3동,서달로 207번길 12-22,,서달로207번길 12-22 (원흥빌라 A동 앞),1,,mobile,
seogu_wydj6tve_001,district_file,seogu,37.5176218,126.6799171,wydj6tv,wydj6tve,가정3동,서달로 215 남승빌라 A동 앞,,서달로 215 남승빌라 A동 앞(도로변),1,,mobile,
seogu_wydj6tvw_001,district_file,seogu,37.5180069,126.679951,wydj6tv,wydj6tvw,가정3동,서달로 207번길 6-22,,서달로207번길 6-22 (은영빌라 114동 앞),1,,mobile,
seogu_wydj6w0e_001,district_file,seogu,37.5189633,126.6732923,wydj6w0,wydj6w0e,가정1동,가정로 382,,가정로 382(정서진 중앙시장 입구 한솔약국 앞),1,,mobile,
seogu_wydj6w1s_001,district_file,seogu,37.51916,126.6746511,wydj6w1,wydj6w1s,가정1동,석곶로 22번길 8-1,,석곶로22번길 8-1(충인빌라 인근),1,,mobile,
seogu_wydj6w36_001,district_file,seogu,37.52008379999999,126.6742263,wydj6w3,wydj6w36,가정1동,가정로 394번길 9,,가정로394번길 9,1,,mobile,
seogu_wydj6w51_001,district_file,seogu,37.518527,126.6765655,wydj6w5,wydj6w51,가정1동,,가정동 510-17,가정동 510-17(로또판매소 앞),1,,mobile,
seogu_wydj6whu_001,district_file,seogu,37.5190943,126.6790593,wydj6wh,wydj6whu,가정3동,서달로 221번길 19-1,,서달로221번길 19-1 (백영빌라 4동 맞은편),1,,mobile,
seogu_wydj6wj9_001,district_file,seogu,37.5185671,126.6801343,wydj6wj,wydj6wj9,가정3동,"서달로 221번길 8-1, 돌체카페 맞은편",,"서달로221번길 8-1, 돌체카페 맞은편 (수녀원 담벼락 쪽)",1,,mobile,
seogu_wydj6wv0_001,district_file,seogu,37.522449,126.6792984,wydj6wv,wydj6wv0,가정2동,,"가정동 536-1, 대성베르힐 아파트 신축공사현장 맞은편","가정동 536-1, 대성베르힐 아파트 신축공사현장 맞은편",1,,mobile,
seogu_wydj6xez_001,district_file,seogu,37.5277626,126.6775617,wydj6xe,wydj6xez,가정1동,,승학로 가정동 산 4,승학로 가정동 산 4,1,,mobile,
seogu_wydj6xhx_001,district_file,seogu,37.5251246,126.6785726,wydj6xh,wydj6xhx,가정2동,봉오대로 253번길 47,,봉오대로253번길 47(이마트24 가정포레나점 앞),1,,mobile,
seogu_wydj93g9_001,district_file,seogu,37.5391588,126.622547,wydj93g,wydj93g9,청라3동,차오름로 29,,차오름로 29,1,,mobile,
seogu_wydj9b42_001,district_file,seogu,37.5293257,126.6426976,wydj9b4,wydj9b42,청라2동,,청라동 178-1,청라동 178-1,1,,mobile,
seogu_wydj9c3q_001,district_file,seogu,37.5373108,126.6414082,wydj9c3,wydj9c3q,청라2동,,청라동 142-21,청라동 142-21,1,,mobile,
seogu_wydj9c6z_001,district_file,seogu,37.537434,126.6433105,wydj9c6,wydj9c6z,청라2동,청라커낼로 329번길 19-4,,청라커낼로329번길 19-4,1,,mobile,
seogu_wydjc4rq_001,district_file,seogu,37.5867491,126.6164749,wydjc4r,wydjc4rq,아라동,바리미로 29,,바리미로 29(국제프라자 2차 앞) | 바리미로 31(지오프라자 앞),2,,mobile,
seogu_wydjc5xd_001,district_file,seogu,37.5929443,126.61695,wydjc5x,wydjc5xd,오류왕길동,,오류동 1657-19 맞은편,오류동 1657-19 맞은편,1,,mobile,
seogu_wydjc5yb_001,district_file,seogu,37.5938651,126.6157779,wydjc5y,wydjc5yb,오류왕길동,,오류동 1658-17 맞은편,오류동 1658-17 맞은편(오류동 1658-14 토성드페리운 공원앞),1,,mobile,
seogu_wydjc784_001,district_file,seogu,37.5929622,126.6176505,wydjc78,wydjc784,오류왕길동,검단로 114번안길 16 앞,,검단로114번안길  16 앞,1,,fixed,
seogu_wydjc786_001,district_file,seogu,37.592966,126.6179062,wydjc78,wydjc786,오류왕길동,,오류동 1659-9 수병빌 앞, 오류동 1659-9 수병빌 앞,1,,mobile,
seogu_wydjcdtm_001,district_file,seogu,37.5879586,126.6358145,wydjcdt,wydjcdtm,오류왕길동,"원당대로 301번길 2, 삼성부동산 인근 삼거리쪽",,"원당대로301번길 2, 삼성부동산 인근 삼거리쪽",1,,mobile,
seogu_wydjcejr_001,district_file,seogu,37.59101320000001,126.635662,wydjcej,wydjcejr,오류왕길동,원당대로 301번길 46,,원당대로301번길 46(재설치),1,,mobile,
seogu_wydjcu2g_001,district_file,seogu,37.5971829,126.6404616,wydjcu2,wydjcu2g,오류왕길동,단봉로 99,,단봉로 99(왕길동 694-3 노상도로앞),1,,mobile,
seogu_wydjcv27_001,district_file,seogu,37.6026635,126.6397918,wydjcv2,wydjcv27,오류왕길동,,오류동 112-9,오류동 112-9,1,,mobile,
seogu_wydjcywr_001,district_file,seogu,37.6102555,126.6482776,wydjcyw,wydjcywr,검단동,봉수대로 1532번길 31-1,,봉수대로 1532번길31-1,1,,mobile,
seogu_wydjd0v9_001,district_file,seogu,37.5337354,126.6580893,wydjd0v,wydjd0v9,청라1동,,청라동 167-27,청라동 167-27,1,,mobile,
seogu_wydjd165_001,district_file,seogu,37.53668280000001,126.653476,wydjd16,wydjd165,청라1동,청라라임로 102 굽네치킨 앞,,청라라임로 102 굽네치킨 앞,1,,mobile,
seogu_wydjd16c_001,district_file,seogu,37.5364888,126.6543311,wydjd16,wydjd16c,청라1동,청라라임로 106번길 15 크리넷 근처,,청라라임로 106번길 15 크리넷 근처,1,,mobile,
seogu_wydjd1es_001,district_file,seogu,37.5383414,126.655266,wydjd1e,wydjd1es,청라1동,청라에메랄드로 149번길 11 크린넷,,청라에메랄드로 149번길 11 크린넷,1,,mobile,
seogu_wydjd1g0_001,district_file,seogu,37.5390061,126.6546418,wydjd1g,wydjd1g0,청라1동,청라라임로 122번길 18,,청라라임로122번길 18,1,,mobile,
seogu_wydjd1u0_001,district_file,seogu,37.5390245,126.6559883,wydjd1u,wydjd1u0,청라1동,청라에메랄드로 149번길 4-6 크리넷 근처,,청라에메랄드로 149번길 4-6 크리넷 근처,1,,mobile,
seogu_wydjd1u1_001,district_file,seogu,37.5392136,126.6559874,wydjd1u,wydjd1u1,청라1동,청라에메랄드로 163번길 3-7 크린넷 주변,,청라에메랄드로 163번길 3-7 크린넷 주변,1,,mobile,
seogu_wydjd1x4_001,district_file,seogu,37.5379117,126.6603213,wydjd1x,wydjd1x4,청라1동,"담지로 86번길 5, 카페코히 근처",,"담지로 86번길 5, 카페코히 근처",1,,fixed,
seogu_wydjd323_001,district_file,seogu,37.5363398,126.6619176,wydjd32,wydjd323,청라1동,담지로 86번길 16-32,,담지로86번길 16-32,1,,mobile,
seogu_wydjd32j_001,district_file,seogu,37.53710299999999,126.6615929,wydjd32,wydjd32j,청라1동,"담지로 86번길 16-11, 유렌트카 앞",,"담지로 86번길 16-11, 유렌트카 앞",1,,mobile,
seogu_wydjd38e_001,district_file,seogu,37.538118,126.6621997,wydjd38,wydjd38e,청라1동,담지로 86번길 5-37 크린넷 주변,,담지로86번길 5-37 크린넷 주변,1,,mobile,
seogu_wydjd3gq_001,district_file,seogu,37.54010700000001,126.6660483,wydjd3g,wydjd3gq,연희동,,연희동 443-19,연희동 443-19(심곡천 샘내들교 아래),1,,mobile,
seogu_wydjd52n_001,district_file,seogu,37.548326,126.650425,wydjd52,wydjd52n,검암경서동,경중로 20청라 로데오시티포레안,,경중로 20(경서동 124-79)청라 로데오시티포레안,1,,mobile,
seogu_wydjd591_001,district_file,seogu,37.5488188,126.6518533,wydjd59,wydjd591,검암경서동,,경서동 124-223,경서동 124-223,1,,mobile,
seogu_wydjd5dn_001,district_file,seogu,37.5495555,126.6531833,wydjd5d,wydjd5dn,검암경서동,,경서동 124-80,경서동 124-80,1,,mobile,
seogu_wydjd6pp_001,district_file,seogu,37.5416112,126.671083,wydjd6p,wydjd6pp,연희동,심곡로 8번길 3-8 석영주택 옆,,심곡로8번길3-8 석영주택 옆,1,,fixed,
seogu_wydjd6ps_001,district_file,seogu,37.5411158,126.6716946,wydjd6p,wydjd6ps,연희동,심곡로 24번길 14 용두공원,,심곡로24번길 14 용두공원(한진게이트빌 건너편),1,,mobile,
seogu_wydjd6rf_001,district_file,seogu,37.5421183,126.6722985,wydjd6r,wydjd6rf,연희동,,심곡동 338-1 런앤런스터디카페앞,심곡동 338-1 런앤런스터디카페앞,1,,mobile,
seogu_wydjd6yg_001,district_file,seogu,37.5450042,126.670889,wydjd6y,wydjd6yg,연희동,,심곡동 330-3 군도공원 입구,심곡동 330-3 군도공원 입구,1,,mobile,
seogu_wydjd7n3_001,district_file,seogu,37.5460016,126.670223,wydjd7n,wydjd7n3,연희동,용두산로 26번길 13 성창빌라 1동 코너,,용두산로26번길 13 성창빌라 1동 코너,1,,mobile,
seogu_wydjd7ne_001,district_file,seogu,37.5463929,126.670389,wydjd7n,wydjd7ne,연희동,,심곡동 326-6 청라새싹유치원 뒤편,심곡동 326-6 청라새싹유치원 뒤편,1,,mobile,
seogu_wydjd7w5_001,district_file,seogu,37.549156,126.6698274,wydjd7w,wydjd7w5,연희동,승학로 333번길 33-16 클린하우스 우측,,승학로333번길 33-16 클린하우스 우측,1,,mobile,
seogu_wydjd85k_001,district_file,seogu,37.5301484,126.6769513,wydjd85,wydjd85k,가정2동,,가정동 5-126,가정동 5-126,1,,mobile,
seogu_wydjd9dk_001,district_file,seogu,37.538314,126.6755713,wydjd9d,wydjd9dk,가정1동,,승학로 가정동 산 2-8,승학로 가정동 산 2-8,1,,mobile,
seogu_wydjdd2t_001,district_file,seogu,37.5426813,126.6733182,wydjdd2,wydjdd2t,연희동,탁옥로 34번길 14 팰리스타운 10동 앞,,탁옥로34번길 14 팰리스타운 10동 앞,1,,mobile,
seogu_wydjdd80_001,district_file,seogu,37.5430323,126.6726903,wydjdd8,wydjdd80,연희동,승학로 230 서보주택,,승학로 230 서보주택,1,,mobile,
seogu_wydjdd98_001,district_file,seogu,37.5431004,126.6745239,wydjdd9,wydjdd98,연희동,,심곡동 272 녹주사우나 앞,심곡동 272 녹주사우나 앞,1,,mobile,
seogu_wydjdd9r_001,district_file,seogu,37.5443883,126.674332,wydjdd9,wydjdd9r,연희동,서곶로 301번길 21 호텔소프라 앞,,서곶로301번길 21 호텔소프라 앞,1,,fixed,
seogu_wydjddcd_001,district_file,seogu,37.544764,126.6744403,wydjddc,wydjddcd,연희동,서곶로 301번길 20 호텔비엔비 앞,,서곶로301번길 20 호텔비엔비 앞,1,,mobile,
seogu_wydjddkg_001,district_file,seogu,37.5423215,126.6789982,wydjddk,wydjddkg,연희동,,심곡동 301-3 모퉁공원,심곡동 301-3 모퉁공원,1,,mobile,
seogu_wydjddmt_001,district_file,seogu,37.542675,126.6800491,wydjddm,wydjddmt,연희동,,심곡동 298-12 태남렉스빌6동앞,심곡동 298-12 태남렉스빌6동앞,1,,mobile,
seogu_wydjddrm_001,district_file,seogu,37.5426714,126.6824713,wydjddr,wydjddrm,연희동,,심곡동 292 절골공원,심곡동 292 절골공원,1,,mobile,
seogu_wydjddsb_001,district_file,seogu,37.5430556,126.6788889,wydjdds,wydjddsb,연희동,,심곡동 302-2 희래등 앞,심곡동 302-2 희래등 앞,1,,mobile,
seogu_wydjddtd_001,district_file,seogu,37.5433871,126.6800635,wydjddt,wydjddtd,연희동,심곡로 91번길 14-1,,심곡로91번길 14-1,1,,mobile,
seogu_wydjddwq_001,district_file,seogu,37.5442128,126.6811043,wydjddw,wydjddwq,연희동,탁옥로 97번길 16-6 심곡공원 입구,,탁옥로97번길 16-6 심곡공원 입구,1,,mobile,
seogu_wydjde0u_001,district_file,seogu,37.54655959999999,126.6735832,wydjde0,wydjde0u,연희동,,심곡동 238-5 갈마공원,심곡동 238-5 갈마공원,1,,mobile,
seogu_wydjde2w_001,district_file,seogu,37.5482157,126.6733344,wydjde2,wydjde2w,연희동,연희로 33번길 12 성원주택코너 담벼락,,연희로33번길 12 성원주택코너 담벼락 | 연희로33번길 12 성원주택코너담벼락,2,,mobile,
seogu_wydjde3u_001,district_file,seogu,37.5478848,126.6750296,wydjde3,wydjde3u,연희동,승학로 288번길 3-1 건너편 태영아파트 담벼락,,승학로288번길 3-1 건너편 태영아파트 담벼락,1,,mobile,
seogu_wydjde6p_001,district_file,seogu,37.5483696,126.6754126,wydjde6,wydjde6p,연희동,승학로 288번길 5-20,,승학로288번길 5-20,1,,mobile,
seogu_wydjde95_001,district_file,seogu,37.5491184,126.6740019,wydjde9,wydjde95,연희동,연희로 25-1 연희경로당 담벽 클린하우스 주변,,연희로 25-1 연희경로당 담벽 클린하우스 주변,1,,mobile,
seogu_wydjdesp_001,district_file,seogu,37.5497851,126.6781767,wydjdes,wydjdesp,연희동,,연희동 708-1 금성훼미리타운앞,연희동 708-1 금성훼미리타운앞,1,,mobile,
seogu_wydjdesx_001,district_file,seogu,37.5498252,126.6787926,wydjdes,wydjdesx,연희동,서곶로 370번길 22-4 신다우맨션 102동 앞,,서곶로370번길 22-4 신다우맨션 102동 앞,1,,mobile,
seogu_wydjdewn_001,district_file,seogu,37.5496817,126.6807057,wydjdew,wydjdewn,연희동,간촌로 31번길 8 대명파크 10동 앞,,간촌로31번길 8 대명파크 10동 앞,1,,mobile,
seogu_wydjdewz_001,district_file,seogu,37.5497538,126.6816656,wydjdew,wydjdewz,연희동,간촌로 39번길 10-1 금호빌라 101동 앞,,간촌로39번길 10-1 금호빌라 101동 앞,1,,mobile,
seogu_wydjdeyk_001,district_file,seogu,37.5507259,126.6812212,wydjdey,wydjdeyk,연희동,,연희동 716 월촌공원 입구,연희동 716 월촌공원 입구,1,,mobile,
seogu_wydjdgbw_001,district_file,seogu,37.551087,126.6843598,wydjdgb,wydjdgbw,연희동,경명대로 680번길 8 공촌공원 앞,,경명대로680번길 8 공촌공원 앞,1,,mobile,
seogu_wydjdhdt_001,district_file,seogu,37.554978,126.6540405,wydjdhd,wydjdhdt,석남2동,"길주로 88번길 34, 지평부동산 앞",,"길주로88번길 34, 지평부동산 앞",1,,mobile,
seogu_wydjdhfn_001,district_file,seogu,37.5565509,126.6532097,wydjdhf,wydjdhfn,검암경서동,경서로 45번길 4-5 씨티라이프B동앞,,경서로45번길4-5 씨티라이프B동앞 | 경서로45번길4-5 칸타빌B동앞,3,,fixed,
seogu_wydjdhsy_001,district_file,seogu,37.5551357,126.6570636,wydjdhs,wydjdhsy,검암경서동,경서로 18번길 20,,경서로18번길 20,1,,mobile,
seogu_wydjdhv4_001,district_file,seogu,37.5557683,126.6574561,wydjdhv,wydjdhv4,검암경서동,경서로 14번길 30,,경서로 14번길 30,1,,fixed,
seogu_wydjdj4b_001,district_file,seogu,37.5569156,126.6544093,wydjdj4,wydjdj4b,검암경서동,경서로 46번길 3-6,,경서로46번길 3-6,1,,mobile,
seogu_wydjdj65_001,district_file,seogu,37.5587813,126.6532009,wydjdj6,wydjdj65,검암경서동,도요지로 24,,도요지로 24,1,,mobile,
seogu_wydjdj78_001,district_file,seogu,37.5582332,126.6554921,wydjdj7,wydjdj78,검암경서동,경서로 70번길 18,,경서로70번길 18,1,,mobile,
seogu_wydjdkx7_001,district_file,seogu,37.5545889,126.6716389,wydjdkx,wydjdkx7,검암경서동,승학로 373번길 12-1,,승학로373번길 12-1,1,,mobile,
seogu_wydjdr98_001,district_file,seogu,37.5706505,126.6636292,wydjdr9,wydjdr98,검암경서동,,검암동 414-265,검암동 414-265,1,,mobile,
seogu_wydjdsfk_001,district_file,seogu,37.5561342,126.6757263,wydjdsf,wydjdsfk,검암경서동,도요지로 236번길 9-1,,도요지로236번길 9-1,1,,fixed,
seogu_wydjdsr8_001,district_file,seogu,37.5527937,126.6829975,wydjdsr,wydjdsr8,연희동,경명대로 659번길 14 우아맨션 가동 앞,,경명대로659번길14 우아맨션 가동 앞,1,,fixed,
seogu_wydjdsue_001,district_file,seogu,37.5560348,126.6788636,wydjdsu,wydjdsue,연희동,,공촌동 196-7,공촌동 196-7(자원순환과),1,,fixed,
seogu_wydjdsxb_001,district_file,seogu,37.5541205,126.6831706,wydjdsx,wydjdsxb,연희동,경명대로 659번길 17 옆 공촌천,,경명대로659번길17 옆 공촌천,1,,fixed,
seogu_wydjdt11_001,district_file,seogu,37.557063,126.6738943,wydjdt1,wydjdt11,검암경서동,승학로 506번길 94,,승학로506번길 94,1,,mobile,
seogu_wydjdt1k_001,district_file,seogu,37.55755449999999,126.6742777,wydjdt1,wydjdt1k,검암경서동,승학로 506번길 89,,승학로506번길 89,1,,mobile,
seogu_wydjdt43_001,district_file,seogu,37.557014,126.675465,wydjdt4,wydjdt43,검암경서동,,검암동 662-17 뒤편 각지쪽 가로등,검암동 662-17 뒤편 각지쪽 가로등,1,,mobile,
seogu_wydjdt6b_001,district_file,seogu,37.55825960000001,126.6762165,wydjdt6,wydjdt6b,검암경서동,"승학로 402번길 25-8, 아델하임 앞 전신주",,"승학로402번길 25-8, 아델하임 앞 전신주",1,,mobile,
seogu_wydjdtc1_001,district_file,seogu,37.56115,126.6739492,wydjdtc,wydjdtc1,검암경서동,승학로 506번안길 57 해피하임빌103동앞,,승학로506번안길57 해피하임빌103동앞,1,,fixed,
seogu_wydjdtfn_001,district_file,seogu,37.56207,126.6752353,wydjdtf,wydjdtfn,검암경서동,승학로 450번길 17-3,,승학로450번길 17-3,1,,mobile,
seogu_wydjdu83_001,district_file,seogu,37.5543014,126.6837225,wydjdu8,wydjdu83,연희동,,공촌동 293-12,공촌동 293-12,1,,fixed,
seogu_wydjdw2w_001,district_file,seogu,37.56472,126.6731042,wydjdw2,wydjdw2w,검암경서동,승학로 479,,승학로 479,1,,mobile,
seogu_wydjdw30_001,district_file,seogu,37.563736,126.6739222,wydjdw3,wydjdw30,검암경서동,승학로 472번길 6,,승학로472번길 6,1,,mobile,
seogu_wydjdw70_001,district_file,seogu,37.5636775,126.6768118,wydjdw7,wydjdw70,검암경서동,"승학로 472번길 32, 정한빌 앞 전신주",,"승학로472번길 32, 정한빌 앞 전신주",1,,mobile,
seogu_wydjdw9g_001,district_file,seogu,37.565575,126.6750154,wydjdw9,wydjdw9g,검암경서동,승학로 497,,승학로 497,1,,mobile,
seogu_wydjdwhm_001,district_file,seogu,37.5631719,126.6783328,wydjdwh,wydjdwhm,검암경서동,검암동 229-16/허암길 6,,검암동 229-16/허암길 6,1,,mobile,
seogu_wydjdwk7_001,district_file,seogu,37.5642354,126.6782719,wydjdwk,wydjdwk7,검암경서동,허암길 5-12,,허암길 5-12,1,,mobile,
seogu_wydjdwky_001,district_file,seogu,37.5648043,126.6789857,wydjdwk,wydjdwky,검암경서동,,검암동 522-13,검암동 522-13,1,,mobile,
seogu_wydjdwvk_001,district_file,seogu,37.56716979999999,126.6798314,wydjdwv,wydjdwvk,검암경서동,,검암동 499-6,검암동 499-6(폴라리스),1,,mobile,
seogu_wydjdwwu_001,district_file,seogu,37.5658376,126.6819306,wydjdww,wydjdwwu,검암경서동,,검암동 516-1,검암동 516-1,1,,mobile,
seogu_wydjdy34_001,district_file,seogu,37.5640661,126.6850394,wydjdy3,wydjdy34,검암경서동,"검암로 2번길 37-9, 부경주택 앞 가로등",,"검암로2번길 37-9, 부경주택 앞 가로등",1,,mobile,
seogu_wydjf1hg_001,district_file,seogu,37.5793582,126.6570042,wydjf1h,wydjf1hg,검암경서동,,백석동 212-214,백석동 212-214,1,,mobile,
seogu_wydjf4e5_001,district_file,seogu,37.5875156,126.654795,wydjf4e,wydjf4e5,오류왕길동,,왕길동 산59-4 일원,왕길동 산59-4 일원,1,,mobile,
seogu_wydjf5vd_001,district_file,seogu,37.5941923,126.6580963,wydjf5v,wydjf5vd,오류왕길동,,왕길동 산 95,왕길동 산 95(산방향) | 왕길동 산 95(행복한 밥상 앞쪽),2,,mobile,
seogu_wydjf65v_001,district_file,seogu,37.5851846,126.6665607,wydjf65,wydjf65v,오류왕길동,,왕길동 609,왕길동 609,1,,mobile,
seogu_wydjf6zg_001,district_file,seogu,37.5890282,126.6723068,wydjf6z,wydjf6zg,당하동,청마로 63 돌체빌라 앞,,청마로 63 돌체빌라 앞 (백석초 정문 근처),1,,mobile,
seogu_wydjf7m6_001,district_file,seogu,37.5915335,126.6686893,wydjf7m,wydjf7m6,당하동,원당대로 608번길 할매산 입구,,원당대로 608번길 할매산 입구,1,,mobile,
seogu_wydjf7qs_001,district_file,seogu,37.5919241,126.6704531,wydjf7q,wydjf7qs,원당동,원당대로 856,,원당대로 856,1,,mobile,
seogu_wydjf7yt_001,district_file,seogu,37.5947284,126.6705903,wydjf7y,wydjf7yt,마전동,완정로 7번길 20,,완정로7번길20(창우아이빌 401동앞),1,,mobile,
seogu_wydjf7z7_001,district_file,seogu,37.5945188,126.6715323,wydjf7z,wydjf7z7,마전동,,마전동 1019 공영주차장,마전동 1019(인도) 공영주차장(완정로7번길),1,,mobile,
seogu_wydjf7zh_001,district_file,seogu,37.594654,126.671036,wydjf7z,wydjf7zh,마전동,완정로 7번길 6-11 과 공영주차장 사이,,완정로7번길 6-11 과 공영주차장 사이,1,,fixed,
seogu_wydjf9yh_001,district_file,seogu,37.5835906,126.6808229,wydjf9y,wydjf9yh,검암경서동,,백석동 8-1,백석동 8-1,1,,mobile,
seogu_wydjfdye_001,district_file,seogu,37.5889372,126.6813462,wydjfdy,wydjfdye,당하동,독정로 111 GS25 사거리,,독정로 111 GS25 사거리,1,,mobile,
seogu_wydjfe3v_001,district_file,seogu,37.5921113,126.6749153,wydjfe3,wydjfe3v,당하동,청마로 167번길 동사무소 맞은편,,청마로167번길 동사무소 맞은편,1,,mobile,
seogu_wydjfed4_001,district_file,seogu,37.5928559,126.6753387,wydjfed,wydjfed4,당하동,청마로 167번안길 스타벅스 뒤,,청마로167번안길 스타벅스 뒤,1,,mobile,
seogu_wydjfee0_001,district_file,seogu,37.5925708,126.6765366,wydjfee,wydjfee0,당하동,청마로 171 검단농협 앞,,청마로 171 검단농협 앞,1,,mobile,
seogu_wydjfefb_001,district_file,seogu,37.5940026,126.6762886,wydjfef,wydjfefb,마전동,원당대로 675,,원당대로675,1,,mobile,
seogu_wydjfeg9_001,district_file,seogu,37.5940434,126.6772019,wydjfeg,wydjfeg9,마전동,원당대로 683,,원당대로 683(나산프라자 뒤편),1,,mobile,
seogu_wydjfemm_001,district_file,seogu,37.5920084,126.6796562,wydjfem,wydjfemm,당하동,청마로 148번길 32-3 제이파크빌라 앞,,청마로148번길 32-3 제이파크빌라 앞,1,,mobile,
seogu_wydjfesc_001,district_file,seogu,37.5927969,126.6790915,wydjfes,wydjfesc,당하동,청마로 148번길 41-1 성당 앞,,청마로148번길 41-1 성당 앞,1,,mobile,
seogu_wydjfgmk_001,district_file,seogu,37.5918621,126.6907835,wydjfgm,wydjfgmk,원당동,원당대로 820번2길 10,,원당대로820번2길 10,1,,mobile,
seogu_wydjfhw6_001,district_file,seogu,37.5984217,126.659255,wydjfhw,wydjfhw6,오류왕길동,,왕길동 672-4번지,왕길동 672-4번지(양지쉐르빌 앞),1,,mobile,
seogu_wydjfj4h_001,district_file,seogu,37.6014992,126.6532005,wydjfj4,wydjfj4h,오류왕길동,봉수대로 1440번안길 24-5 동림빌딩앞,,봉수대로1440번안길24-5 동림빌딩앞,1,,fixed,
seogu_wydjfj5z_001,district_file,seogu,37.6020666,126.6558275,wydjfj5,wydjfj5z,오류왕길동,"검단로 459번길 4, 아리오돌뼈 앞쪽 인도",,"검단로459번길 4, 아리오돌뼈 앞쪽 인도",1,,mobile,
seogu_wydjfj73_001,district_file,seogu,37.6023115,126.6550877,wydjfj7,wydjfj73,오류왕길동,,왕길동 637-3번지,왕길동 637-3번지,1,,mobile,
seogu_wydjfjj1_001,district_file,seogu,37.601043,126.6575582,wydjfjj,wydjfjj1,오류왕길동,,왕길동 661-2번지,왕길동 661-2번지,1,,mobile,
seogu_wydjfjj6_001,district_file,seogu,37.6011104,126.6579277,wydjfjj,wydjfjj6,오류왕길동,완정로 165번안길 1 이편한프라자앞공영주차장,,완정로165번안길1 이편한프라자앞공영주차장,1,,fixed,
seogu_wydjfjjw_001,district_file,seogu,37.6018341,126.657984,wydjfjj,wydjfjjw,오류왕길동,완정로 163 롯데시네마건물뒤전신주주변,,완정로163 롯데시네마건물뒤전신주주변,1,,fixed,
seogu_wydjfjk1_001,district_file,seogu,37.602301,126.6561203,wydjfjk,wydjfjk1,당하동,독정로 147 경찰서 공터,,독정로 147 경찰서 공터,1,,mobile,
seogu_wydjfjkj_001,district_file,seogu,37.6031057,126.6559917,wydjfjk,wydjfjkj,검단동,완정로 188번길 4길 21,,완정로188번길4길 21(솔향기빌리지 앞),1,,mobile,
seogu_wydjfjmx_001,district_file,seogu,37.6034,126.6579514,wydjfjm,wydjfjmx,검단동,완정로 178번길 14~20 검단중학교 주변 진짜루 앞,,완정로 178번길 14~20 검단중학교 주변 진짜루 앞(철거),1,,fixed,
seogu_wydjfjnu_001,district_file,seogu,37.6014426,126.6598082,wydjfjn,wydjfjnu,검단동,완정로 148 신의주찹쌀순대국,,완정로 148 신의주찹쌀순대국,1,,fixed,
seogu_wydjfjty_001,district_file,seogu,37.6045625,126.6583694,wydjfjt,wydjfjty,검단동,완정로 178번길 31 목화@3동 후문,,"완정로 178번길 31 목화@3동 후문 | 완정로178번길 33, GS옆 전신주",2,,"fixed,mobile",
seogu_wydjfju4_001,district_file,seogu,37.6052492,126.6559242,wydjfju,wydjfju4,검단동,완정로 188번2길 12,,완정로188번2길 12(검단비전교회 앞),1,,mobile,
seogu_wydjfjxj_001,district_file,seogu,37.6043974,126.6600956,wydjfjx,wydjfjxj,검단동,검단로 511번길 13,,검단로511번길 13(검단미래지향@ 옆),1,,mobile,
seogu_wydjfkp4_001,district_file,seogu,37.595705,126.6710385,wydjfkp,wydjfkp4,마전동,완정로 30,,완정로 30(마전예뜰채 앞),1,,mobile,
seogu_wydjfm8c_001,district_file,seogu,37.603763,126.662408,wydjfm8,wydjfm8c,검단동,검단로 530 김태풍 낚시 뒤 전신주,,검단동행정복지센터 창고(고장) | 검단로 530 김태풍 낚시 뒤 전신주,2,,mobile,
seogu_wydjfm92_001,district_file,seogu,37.6035957,126.6632878,wydjfm9,wydjfm92,검단동,완정로 156번안길 15-22 전신주,,완정로156번안길 15-22 전신주,1,,mobile,
seogu_wydjfn2k_001,district_file,seogu,37.6082739,126.6508059,wydjfn2,wydjfn2k,검단동,세자봉로 54 백남빌라 5동 앞,,세자봉로 54 백남빌라 5동 앞(철거),1,,fixed,
seogu_wydjfn43_001,district_file,seogu,37.6064651,126.6537134,wydjfn4,wydjfn43,불로대곡동,검단로 744번 4길 4-13 엘림하우스 앞,,검단로 744번 4길 4-13 엘림하우스 앞,1,,mobile,
seogu_wydjfnb4_001,district_file,seogu,37.610792,126.6505477,wydjfnb,wydjfnb4,검단동,세자봉로 81-세자봉로 73 사이 내리막 전신주,,세자봉로 81-세자봉로 73 사이 내리막 전신주,1,,mobile,
seogu_wydjfq9e_001,district_file,seogu,37.6095796,126.6637558,wydjfq9,wydjfq9e,검단동,,마전동 1160-11,마전동 1160-11(고장),1,,mobile,
seogu_wydjfqte_001,district_file,seogu,37.6095339,126.6689831,wydjfqt,wydjfqte,검단동,마전로 115번길 12,,마전로115번길 12,1,,mobile,
seogu_wydjfqwh_001,district_file,seogu,37.6097766,126.6698828,wydjfqw,wydjfqwh,검단동,검단로 623번길 7,,검단로623번길 7(검단초교 공영주차장),1,,mobile,
seogu_wydjfr0n_001,district_file,seogu,37.6128087,126.66157939999998,wydjfr0,wydjfr0n,검단동,마전로 5번길 36 예수복된교회 옆,,마전로5번길 36 예수복된교회 옆,1,,fixed,
seogu_wydjfxmh_001,district_file,seogu,37.6139133,126.679246,wydjfxm,wydjfxmh,불로대곡동,불로로 64,,불로로 64(위치확인),1,,fixed,
seogu_wydjfz0f_001,district_file,seogu,37.6121378,126.6845999,wydjfz0,wydjfz0f,불로대곡동,검단로 744번2길 8-6 성민주택 앞,,검단로744번2길 8-6 성민주택 앞,1,,mobile,
seogu_wydjfz1t_001,district_file,seogu,37.612645,126.685478,wydjfz1,wydjfz1t,불로대곡동,검단로 768번 1길 19 동주빌딩,,검단로 768번 1길 19 동주빌딩,1,,fixed,
seogu_wydjfz3c_001,district_file,seogu,37.6133832,126.6858666,wydjfz3,wydjfz3c,불로대곡동,,불로동 787-2,불로동 787-2,1,,mobile,
seogu_wydjfz47_001,district_file,seogu,37.61229,126.6866983,wydjfz4,wydjfz47,불로대곡동,검단로 744번 4길 17 포근한 교회 앞,,검단로744번 4길 17 포근한 교회 앞,1,,fixed,
seogu_wydjfz52_001,district_file,seogu,37.6118055,126.6880618,wydjfz5,wydjfz52,불로대곡동,검단로 744번 3길 38 대승주택 앞 모서리 전봇대,,검단로 744번 3길 38 대승주택 앞 모서리 전봇대,1,,mobile,
seogu_wydjfz9g_001,district_file,seogu,37.6150337,126.6858318,wydjfz9,wydjfz9g,불로대곡동,검단로 777번길 4-3,,검단로 777번길 4-3,1,,mobile,
seogu_wydjfzun_001,district_file,seogu,37.6170007,126.6890669,wydjfzu,wydjfzun,불로대곡동,검단로 814 행정복지센터 버스정류장 앞,,검단로 814 행정복지센터 버스정류장 앞,1,,mobile,
seogu_wydjg3ed_001,district_file,seogu,37.5818616,126.7103305,wydjg3e,wydjg3ed,아라동,이음1로 389,,이음1로 389(에이플러스 빌딩 앞),1,,mobile,
seogu_wydjg4ur_001,district_file,seogu,37.58967639999999,126.7004503,wydjg4u,wydjg4ur,원당동,고산후로 78번안길 16,,고산후로78번안길 16,1,,mobile,
seogu_wydjg587_001,district_file,seogu,37.5930452,126.6949443,wydjg58,wydjg587,원당동,원당대로 840번길 5,,원당대로 840번길 5 | 원당대로840번길 5(보노보노 헤어 앞) | 원당대로840번길 5,3,,mobile,
seogu_wydjg58g_001,district_file,seogu,37.5930077,126.6956053,wydjg58,wydjg58g,원당동,고산후로 95번안길 35,,고산후로95번안길 35,1,,mobile,
seogu_wydjg5b9_001,district_file,seogu,37.5941367,126.6951115,wydjg5b,wydjg5b9,원당동,원당대로 841,,원당대로 841(미소약국 앞),1,,mobile,
seogu_wydjg5bp_001,district_file,seogu,37.5951779,126.6944625,wydjg5b,wydjg5bp,원당동,고산후로 121번길 15 -> 원당대로 835번길 8,,(변경)고산후로121번길 15 -> 원당대로835번길 8,1,,mobile,
seogu_wydjg5cs_001,district_file,seogu,37.5946159,126.6967333,wydjg5c,wydjg5cs,원당동,고산후로 121번길 유료주차장,,고산후로121번길 유료주차장,1,,mobile,
seogu_wydjg5fh_001,district_file,seogu,37.5945609,126.6970998,wydjg5f,wydjg5fh,원당동,고산후로 121번길 19,,고산후로121번길 19,1,,mobile,
seogu_wydjg5n7_001,district_file,seogu,37.5902439,126.7029412,wydjg5n,wydjg5n7,원당동,고산후로 78번길 43-1,,고산후로78번길 43-1,1,,mobile,
seogu_wydjg5ng_001,district_file,seogu,37.59034219999999,126.7037832,wydjg5n,wydjg5ng,원당동,고산후로 78번안길 58,,고산후로78번안길 58,1,,mobile,
seogu_wydjg6nc_001,district_file,seogu,37.58448,126.714713,wydjg6n,wydjg6nc,당하동,,당하동 1282-12번지,당하동 1282-12번지(가람풍경공원 앞),1,,mobile,
seogu_wydjg6sf_001,district_file,seogu,37.5874503,126.7121862,wydjg6s,wydjg6sf,당하동,원당대로 976,,원당대로 976(아라센트럴 파zm),1,,mobile,
seogu_wydjg762_001,district_file,seogu,37.59125,126.7084559,wydjg76,wydjg762,당하동,,당하동 1235-1,당하동 1235-1,1,,mobile,
seogu_wydjg7ey_001,district_file,seogu,37.593569,126.710647,wydjg7e,wydjg7ey,원당동,발산로 5번길 8,,발산로5번길 8(세중시그니처2차 앞),1,,mobile,
seogu_wydjg7kj_001,district_file,seogu,37.592018,126.710816,wydjg7k,wydjg7kj,경서동,발산로 27,,발산로 27(선우프라자 앞),1,,mobile,
seogu_wydjg7y7_001,district_file,seogu,37.59436,126.7139989,wydjg7y,wydjg7y7,원당동,,원당동 489-3번지,원당동 489-3번지(로데오광장),1,,mobile,
seogu_wydjgh7u_001,district_file,seogu,37.5974004,126.6996939,wydjgh7,wydjgh7u,원당동,고산로 45번길 18,,고산로45번길 18(온누리요양원),1,,mobile,
seogu_wydjgh9s_001,district_file,seogu,37.598711,126.6965858,wydjgh9,wydjgh9s,원당동,고산후로 161번길 21,, 고산후로161번길 21,1,,mobile,
seogu_wydjghq0_001,district_file,seogu,37.5966582,126.7029165,wydjghq,wydjghq0,원당동,고산후로 40번1길 4,,고산후로40번1길 4(원당뼈해장국 앞),1,,mobile,
seogu_wydjghsq_001,district_file,seogu,37.5991427,126.7003618,wydjghs,wydjghsq,원당동,고산로 40번2길 36,,고산로40번2길 36,1,,mobile,
seogu_wydjgj1w_001,district_file,seogu,37.6018861,126.6965969,wydjgj1,wydjgj1w,원당동,고산후로 197번길 20 검단신도시 건설현장 인근도로,,고산후로197번길20 검단신도시 건설현장 인근도로,1,,fixed,
seogu_wydjgkce_001,district_file,seogu,37.5999535,126.7073885,wydjgkc,wydjgkce,원당동,,원당동 1020번지,원당동 1020번지,1,,mobile,
seogu_wydjgmne_001,district_file,seogu,37.601251,126.714568,wydjgmn,wydjgmne,원당동,,원당동 1000-4번진,원당동 1000-4번진,1,,mobile,
seogu_wydn42zs_001,district_file,seogu,37.6220673,126.671772,wydn42z,wydn42zs,불로대곡동,설원로 23,,설원로 23,1,,mobile,
seogu_wydn45jk_001,district_file,seogu,37.6344281,126.6578879,wydn45j,wydn45jk,불로대곡동,,대곡동 727 다리, 대곡동 727 다리,1,,mobile,
seogu_wydn45ms_001,district_file,seogu,37.6357395,126.6582197,wydn45m,wydn45ms,불로대곡동,도곡로 224,,도곡로 224,1,,mobile,
seogu_wydn4605_001,district_file,seogu,37.6287212,126.6616083,wydn460,wydn4605,불로대곡동,,대곡동 161-10,대곡동 161-10,2,,fixed,
seogu_wydn4bbk_001,district_file,seogu,37.6221115,126.6839083,wydn4bb,wydn4bbk,불로대곡동,,불로동 117-10 나진포천변 차량피난소,불로동 117-10 나진포천변 차량피난소,1,,mobile,
yeonsu_wydhcfhn_001,national_standard,yeonsu,37.40958,126.6449,wydhcfh,wydhcfhn,동춘동,,인천광역시 연수구 송도동 25,인천광역시 연수구 송도동 25,2,[2021],fixed,
yeonsu_wydhcgxb_001,national_standard,yeonsu,37.41681,126.6502,wydhcgx,wydhcgxb,옥련동,,인천광역시 연수구 옥련동  588,인천광역시 연수구 옥련동  588,2,[2019],fixed,
yeonsu_wydhcgzg_001,national_standard,yeonsu,37.41862,126.6501,wydhcgz,wydhcgzg,옥련동,인천광역시 연수구 능허대로 187,인천광역시 연수구 옥련동 547-10,인천광역시 연수구 능허대로 187 | 인천광역시 연수구 옥련동 547-10,2,[2022],fixed,
yeonsu_wydhcsp0_001,national_standard,yeonsu,37.41956,126.6383,wydhcsp,wydhcsp0,옥련동,인천광역시 연수구 아암대로 483,인천광역시 연수구 옥련동 194-78,인천광역시 연수구 아암대로 483 | 인천광역시 연수구 옥련동 194-78,2,[2022],fixed,
yeonsu_wydhcu6f_001,national_standard,yeonsu,37.42118,126.6435,wydhcu6,wydhcu6f,옥련동,인천광역시 연수구 능허대로 124,인천광역시 연수구 옥련동 194-148,인천광역시 연수구 능허대로 124 | 인천광역시 연수구 옥련동 194-148,1,[2022],fixed,
yeonsu_wydhcu9s_001,national_standard,yeonsu,37.4229,126.6416,wydhcu9,wydhcu9s,옥련동,,인천광역시 연수구 옥련동 194-134,인천광역시 연수구 옥련동 194-134,2,[2023],fixed,
yeonsu_wydhcue2_001,national_standard,yeonsu,37.42221,126.6439,wydhcue,wydhcue2,옥련동,인천광역시 연수구 능허대로 121-6,인천광역시 연수구 옥련동  194-34,인천광역시 연수구 능허대로 121-6 | 인천광역시 연수구 옥련동  194-34,2,"[2017, 2018]",fixed,
yeonsu_wydhcuks_001,national_standard,yeonsu,37.42153,126.6458,wydhcuk,wydhcuks,옥련동,,인천광역시 연수구 옥련동 468-6,인천광역시 연수구 옥련동 468-6,2,[2020],fixed,
yeonsu_wydhcun7_001,national_standard,yeonsu,37.42009,126.648,wydhcun,wydhcun7,옥련동,인천광역시 연수구 능허대로167번길 6,인천광역시 연수구 옥련동 516-2,인천광역시 연수구 능허대로167번길 6 | 인천광역시 연수구 옥련동 516-2,3,[2023],fixed,
yeonsu_wydhcung_001,national_standard,yeonsu,37.42009,126.6489,wydhcun,wydhcung,옥련동,인천광역시 연수구 능허대로167번길 22,인천광역시 연수구 옥련동 516-20,인천광역시 연수구 능허대로167번길 22 | 인천광역시 연수구 옥련동 516-20,1,[2022],fixed,
yeonsu_wydhcup0_001,national_standard,yeonsu,37.41949,126.6492,wydhcup,wydhcup0,옥련동,인천광역시 연수구 능허대로179번길11-1,인천광역시 연수구 옥련동 516-24,인천광역시 연수구 능허대로179번길11-1 | 인천광역시 연수구 옥련동 516-24,1,[2020],fixed,
yeonsu_wydhcupj_001,national_standard,yeonsu,37.42045,126.6493,wydhcup,wydhcupj,옥련동,인천광역시 연수구 인권로9번길 63-11,인천광역시 연수구 옥련동 514-4,인천광역시 연수구 인권로9번길 63-11 | 인천광역시 연수구 옥련동 514-4,2,"[2020, 2022]",fixed,
yeonsu_wydhcuqb_001,national_standard,yeonsu,37.42081,126.649,wydhcuq,wydhcuqb,옥련동,인천광역시 연수구 인권로9번길 63-16,인천광역시 연수구 옥련동  512-14,인천광역시 연수구 인권로9번길 63-16 | 인천광역시 연수구 옥련동  512-14 | 인천광역시 연수구 인권로9번길 63-16 | 인천광역시 연수구 옥련동 512-14,3,[2023],fixed,
yeonsu_wydhcuqw_001,national_standard,yeonsu,37.42187,126.6484,wydhcuq,wydhcuqw,옥련동,,인천광역시 연수구 옥련동  481-9,인천광역시 연수구 옥련동  481-9 | 인천광역시 연수구 옥련동 481-9,2,"[2018, 2022]",fixed,
yeonsu_wydhcurg_001,national_standard,yeonsu,37.42138,126.6503,wydhcur,wydhcurg,옥련동,인천광역시 연수구 청량로155번길 39-5,인천광역시 연수구 옥련동  471-9,인천광역시 연수구 청량로155번길 39-5 | 인천광역시 연수구 옥련동  471-9,1,[2018],fixed,
yeonsu_wydhcurw_001,national_standard,yeonsu,37.42186,126.6499,wydhcur,wydhcurw,옥련동,인천광역시 연수구 한나루로86번길41,인천광역시 연수구 옥련동 483-13,인천광역시 연수구 한나루로86번길41 | 인천광역시 연수구 옥련동 483-13,1,[2020],fixed,
yeonsu_wydhcuuu_001,national_standard,yeonsu,37.42429,126.6462,wydhcuu,wydhcuuu,옥련동,인천광역시 연수구 독배로40번길 18,인천광역시 연수구 옥련동  634-1,인천광역시 연수구 독배로40번길 18 | 인천광역시 연수구 옥련동  634-1,1,[2018],fixed,
yeonsu_wydhcuyp_001,national_standard,yeonsu,37.42486,126.6479,wydhcuy,wydhcuyp,옥련동,인천광역시 연수구 한진로25번길 4,인천광역시 연수구 옥련동  462-1,인천광역시 연수구 한진로25번길 4 | 인천광역시 연수구 옥련동  462-1,2,[2023],fixed,
yeonsu_wydhcv5n_001,national_standard,yeonsu,37.426,126.6437,wydhcv5,wydhcv5n,옥련동,인천광역시 연수구 능허대로79번길 65,인천광역시 연수구 옥련동  194-28,인천광역시 연수구 능허대로79번길 65 | 인천광역시 연수구 옥련동  194-28,1,[2018],fixed,
yeonsu_wydhcv6u_001,national_standard,yeonsu,37.42708,126.6432,wydhcv6,wydhcv6u,옥련동,인천광역시 연수구 옥련로 34,인천광역시 연수구 옥련동 191-24,인천광역시 연수구 옥련로 34 | 인천광역시 연수구 옥련동 191-24,2,[2021],fixed,
yeonsu_wydhcvkq_001,national_standard,yeonsu,37.42739,126.6453,wydhcvk,wydhcvkq,옥련동,인천광역시 연수구 독배로 76,인천광역시 연수구 옥련동  205-25,인천광역시 연수구 독배로 76 | 인천광역시 연수구 옥련동  205-25 | 인천광역시 연수구 독배로 76 | 인천광역시 연수구 옥련동 205-25,2,[2023],fixed,
yeonsu_wydhcvmr_001,national_standard,yeonsu,37.42763,126.6469,wydhcvm,wydhcvmr,옥련동,인천광역시 연수구 독배로82번길 27-3,인천광역시 연수구 옥련동 168-3,인천광역시 연수구 독배로82번길 27-3 | 인천광역시 연수구 옥련동 168-3,2,[2023],fixed,
yeonsu_wydhcvq8_001,national_standard,yeonsu,37.42634,126.6485,wydhcvq,wydhcvq8,옥련동,인천광역시 연수구 옥련로82,인천광역시 연수구 옥련동 239-1,인천광역시 연수구 옥련로82 | 인천광역시 연수구 옥련동 239-1,2,[2021],fixed,
yeonsu_wydhcvqw_001,national_standard,yeonsu,37.42737,126.6485,wydhcvq,wydhcvqw,옥련동,인천광역시 연수구 한진로 58,인천광역시 연수구 옥련동 139-5,인천광역시 연수구 한진로 58 | 인천광역시 연수구 옥련동 139-5,1,[2022],fixed,
yeonsu_wydhcvs3_001,national_standard,yeonsu,37.42791,126.6454,wydhcvs,wydhcvs3,옥련동,인천광역시 연수구 독배로 82,인천광역시 연수구 옥련동 172-12,인천광역시 연수구 독배로 82 | 인천광역시 연수구 옥련동 172-12,2,[2022],fixed,
yeonsu_wydhcvsh_001,national_standard,yeonsu,37.4284,126.6452,wydhcvs,wydhcvsh,옥련동,인천광역시 연수구 독배로 83-1,인천광역시 연수구 옥련동  173-3,인천광역시 연수구 독배로 83-1 | 인천광역시 연수구 옥련동  173-3 | 인천광역시 연수구 옥련동  173,2,"[2018, 2022]",fixed,
yeonsu_wydhcvw1_001,national_standard,yeonsu,37.42785,126.6477,wydhcvw,wydhcvw1,옥련동,,인천광역시 연수구 옥련동  143-5,인천광역시 연수구 옥련동  143-5,1,[2018],fixed,
yeonsu_wydhcvw2_001,national_standard,yeonsu,37.42782,126.6482,wydhcvw,wydhcvw2,옥련동,인천광역시 연수구 독배로82번길 49-8,인천광역시 연수구 옥련동 143-5,인천광역시 연수구 독배로82번길 49-8 | 인천광역시 연수구 옥련동 143-5,1,[2023],fixed,
yeonsu_wydhcvwb_001,national_standard,yeonsu,37.42776,126.6487,wydhcvw,wydhcvwb,옥련동,,인천광역시 연수구 옥련동  142-4,인천광역시 연수구 옥련동  142-4,2,"[2017, 2018]",fixed,
yeonsu_wydhcvwu_001,national_standard,yeonsu,37.42853,126.6489,wydhcvw,wydhcvwu,옥련동,인천광역시 연수구 한진로 65-2,인천광역시 연수구 옥련동  145-1,인천광역시 연수구 한진로 65-2 | 인천광역시 연수구 옥련동  145-1,2,[2018],fixed,
yeonsu_wydhcvx3_001,national_standard,yeonsu,37.42786,126.6495,wydhcvx,wydhcvx3,옥련동,,인천광역시 연수구 옥련동  127-2,인천광역시 연수구 옥련동  127-2,2,"[2017, 2018]",fixed,
yeonsu_wydhcvxm_001,national_standard,yeonsu,37.42863,126.6497,wydhcvx,wydhcvxm,옥련동,인천광역시 연수구 한진로72번길 12,인천광역시 연수구 옥련동 120-30,인천광역시 연수구 한진로72번길 12 | 인천광역시 연수구 옥련동 120-30,2,[2020],fixed,
yeonsu_wydhf2e5_001,national_standard,yeonsu,37.40075,126.6655,wydhf2e,wydhf2e5,동춘동,인천광역시 연수구 능허대로446번길 5,인천광역시 연수구 동춘동  946,인천광역시 연수구 능허대로446번길 5 | 인천광역시 연수구 동춘동  946,1,[2018],fixed,
yeonsu_wydhf3yy_001,national_standard,yeonsu,37.40819,126.6709,wydhf3y,wydhf3yy,동춘동,인천광역시 연수구 앵고개로264번길10,인천광역시 연수구 동춘동,인천광역시 연수구 앵고개로264번길10 | 인천광역시 연수구 동춘동,2,[2020],fixed,
yeonsu_wydhf3zs_001,national_standard,yeonsu,37.40781,126.6718,wydhf3z,wydhf3zs,동춘동,인천광역시 연수구 앵고개로 256,인천광역시 연수구 동춘동  936-5,인천광역시 연수구 앵고개로 256 | 인천광역시 연수구 동춘동  936-5,1,[2018],fixed,
yeonsu_wydhf4gu_001,national_standard,yeonsu,37.41327,126.6558,wydhf4g,wydhf4gu,동춘동,인천광역시 연수구 앵고개로87번길 12-16,인천광역시 연수구 동춘동  814-4,인천광역시 연수구 앵고개로87번길 12-16 | 인천광역시 연수구 동춘동  814-4,2,[2023],fixed,
yeonsu_wydhf54s_001,national_standard,yeonsu,37.41476,126.6539,wydhf54,wydhf54s,동춘동,인천광역시 연수구 청량로109번길 95,인천광역시 연수구 동춘동  822,인천광역시 연수구 청량로109번길 95 | 인천광역시 연수구 동춘동  822,2,[2022],fixed,
yeonsu_wydhf58g_001,national_standard,yeonsu,37.41735,126.6517,wydhf58,wydhf58g,옥련동,인천광역시 연수구 대암로 14,인천광역시 연수구 옥련동 560,인천광역시 연수구 대암로 14 | 인천광역시 연수구 옥련동 560,4,[2025],fixed,
yeonsu_wydhf59u_001,national_standard,yeonsu,37.41748,126.6531,wydhf59,wydhf59u,옥련동,인천광역시 연수구 청량로113번길 33,인천광역시 연수구 옥련동  566,인천광역시 연수구 청량로113번길 33 | 인천광역시 연수구 옥련동  566,2,[2018],fixed,
yeonsu_wydhf5c8_001,national_standard,yeonsu,37.41823,126.6525,wydhf5c,wydhf5c8,옥련동,인천광역시 연수구 대암로 30,인천광역시 연수구 옥련동 563-16,인천광역시 연수구 대암로 30 | 인천광역시 연수구 옥련동 563-16 | 인천광역시 연수구 대암로 28 | 인천광역시 연수구 옥련동 563-16,2,[2025],fixed,
yeonsu_wydhf5kr_001,national_standard,yeonsu,37.41655,126.6565,wydhf5k,wydhf5kr,동춘동,인천광역시 연수구 청량로102번길 14-12,인천광역시 연수구 동춘동 789-6,인천광역시 연수구 청량로102번길 14-12 | 인천광역시 연수구 동춘동 789-6,2,[2020],fixed,
yeonsu_wydhf5mc_001,national_standard,yeonsu,37.41554,126.6586,wydhf5m,wydhf5mc,동춘동,인천광역시 연수구 청량로46번길57,인천광역시 연수구 동춘동  795-2,인천광역시 연수구 청량로46번길57 | 인천광역시 연수구 동춘동  795-2,2,[2020],fixed,
yeonsu_wydhf6cf_001,national_standard,yeonsu,37.41306,126.6638,wydhf6c,wydhf6cf,동춘동,,인천광역시 연수구 동춘동  산 32-1,인천광역시 연수구 동춘동  산 32-1,2,[2021],fixed,
yeonsu_wydhf6f6_001,national_standard,yeonsu,37.41298,126.6647,wydhf6f,wydhf6f6,동춘동,,인천광역시 연수구 동춘동  224-2,인천광역시 연수구 동춘동  224-2,2,[2022],fixed,
yeonsu_wydhf6f7_001,national_standard,yeonsu,37.41321,126.6648,wydhf6f,wydhf6f7,동춘동,인천광역시 연수구 동곡재로176,인천광역시 연수구 동춘동 855-4,인천광역시 연수구 동곡재로176 | 인천광역시 연수구 동춘동 855-4,1,[2020],fixed,
yeonsu_wydhf7p9_001,national_standard,yeonsu,37.41424,126.6717,wydhf7p,wydhf7p9,동춘동,,인천광역시 연수구 동춘동  1115-7,인천광역시 연수구 동춘동  1115-7,2,[2020],fixed,
yeonsu_wydhf7sk_001,national_standard,yeonsu,37.41738,126.6673,wydhf7s,wydhf7sk,청학동,인천광역시 연수구 청능말로14번길 18,인천광역시 연수구 청학동 458-14,인천광역시 연수구 청능말로14번길 18 | 인천광역시 연수구 청학동 458-14,1,[2018],fixed,
yeonsu_wydhf7sn_001,national_standard,yeonsu,37.41772,126.6671,wydhf7s,wydhf7sn,청학동,인천광역시 연수구 청능말로8번길 21,인천광역시 연수구 청학동 458,인천광역시 연수구 청능말로8번길 21 | 인천광역시 연수구 청학동 458,1,[2018],fixed,
yeonsu_wydhf7te_001,national_standard,yeonsu,37.41726,126.6691,wydhf7t,wydhf7te,청학동,인천광역시 연수구 청능말로7번길 18,인천광역시 연수구 청학동 461,인천광역시 연수구 청능말로7번길 18 | 인천광역시 연수구 청학동 461,1,[2018],fixed,
yeonsu_wydhf7tf_001,national_standard,yeonsu,37.41713,126.6696,wydhf7t,wydhf7tf,청학동,인천광역시 연수구 청능말로7번길 20,인천광역시 연수구 청학동 461-1,인천광역시 연수구 청능말로7번길 20 | 인천광역시 연수구 청학동 461-1,1,[2018],fixed,
yeonsu_wydhf7tk_001,national_standard,yeonsu,37.41746,126.6686,wydhf7t,wydhf7tk,청학동,인천광역시 연수구 청능말로7번길 8,인천광역시 연수구 청학동 462-2,인천광역시 연수구 청능말로7번길 8 | 인천광역시 연수구 청학동 462-2,1,[2018],fixed,
yeonsu_wydhf7wj_001,national_standard,yeonsu,37.41756,126.6697,wydhf7w,wydhf7wj,청학동,,인천광역시 연수구 청학동 506,인천광역시 연수구 청학동 506,1,[2022],fixed,
yeonsu_wydhf7z6_001,national_standard,yeonsu,37.41857,126.6715,wydhf7z,wydhf7z6,청학동,인천광역시 연수구 함박뫼로12번길 1,인천광역시 연수구 청학동 474-8번지,인천광역시 연수구 함박뫼로12번길 1 | 인천광역시 연수구 청학동 474-8번지,2,[2018],fixed,
yeonsu_wydhfdgf_001,national_standard,yeonsu,37.41299,126.6778,wydhfdg,wydhfdgf,연수동,,인천광역시 연수구 연수동  603,인천광역시 연수구 연수동  603,4,[2017],fixed,
yeonsu_wydhfdgz_001,national_standard,yeonsu,37.41389,126.6777,wydhfdg,wydhfdgz,연수동,인천광역시 연수구 청능대로113번길37,인천광역시 연수구 연수동 598-4,인천광역시 연수구 청능대로113번길37 | 인천광역시 연수구 연수동 598-4 | 인천광역시 연수구 청능대로113번길37 | 인천광역시 연수구 연수동598-4,2,"[2020, 2025]",fixed,
yeonsu_wydhfduh_001,national_standard,yeonsu,37.41332,126.6781,wydhfdu,wydhfduh,연수동,인천광역시 연수구 샘말로37-7,인천광역시 연수구 연수동 603,인천광역시 연수구 샘말로37-7 | 인천광역시 연수구 연수동 603,2,[2020],fixed,
yeonsu_wydhfdy5_001,national_standard,yeonsu,37.41321,126.6808,wydhfdy,wydhfdy5,연수동,인천광역시 연수구 벛꽃로 162,인천광역시 연수구 연수동 633,인천광역시 연수구 벛꽃로 162 | 인천광역시 연수구 연수동 633,1,[2022],fixed,
yeonsu_wydhfe0v_001,national_standard,yeonsu,37.41482,126.6735,wydhfe0,wydhfe0v,동춘동,인천광역시 연수구 청능대로 76,인천광역시 연수구 동춘동  1114-2,인천광역시 연수구 청능대로 76 | 인천광역시 연수구 동춘동  1114-2,1,[2018],fixed,
yeonsu_wydhfe3f_001,national_standard,yeonsu,37.41578,126.6748,wydhfe3,wydhfe3f,청학동,,인천광역시 연수구 청학동 507-6,인천광역시 연수구 청학동 507-6,1,[2023],fixed,
yeonsu_wydhfe3r_001,national_standard,yeonsu,37.41653,126.6744,wydhfe3,wydhfe3r,청학동,인천광역시 연수구 청명로4번길 11,인천광역시 연수구 청학동 501,인천광역시 연수구 청명로4번길 11 | 인천광역시 연수구 청학동 501,1,[2022],fixed,
yeonsu_wydhfe3x_001,national_standard,yeonsu,37.41653,126.6745,wydhfe3,wydhfe3x,청학동,인천광역시 연수구 청명로4번길 11,인천광역시 연수구 청학동 501,인천광역시 연수구 청명로4번길 11 | 인천광역시 연수구 청학동 501,1,[2022],fixed,
yeonsu_wydhfe72_001,national_standard,yeonsu,37.41544,126.6769,wydhfe7,wydhfe72,연수동,인천광역시 연수구 먼우금로208,인천광역시 연수구 연수동 596-4,인천광역시 연수구 먼우금로208 | 인천광역시 연수구 연수동 596-4,2,[2020],fixed,
yeonsu_wydhfe9f_001,national_standard,yeonsu,37.41712,126.675,wydhfe9,wydhfe9f,청학동,인천광역시 연수구 용담로75,인천광역시 연수구 청학동497-7,인천광역시 연수구 용담로75 | 인천광역시 연수구 청학동497-7 | 인천광역시 연수구 용담로85번길 7 | 인천광역시 연수구 청학동 497-7,3,"[2020, 2022]",fixed,
yeonsu_wydhfe9j_001,national_standard,yeonsu,37.41763,126.674,wydhfe9,wydhfe9j,청학동,,인천광역시 연수구 청학동484,인천광역시 연수구 청학동484,1,[2020],fixed,
yeonsu_wydhfeb1_001,national_standard,yeonsu,37.41832,126.6725,wydhfeb,wydhfeb1,청학동,인천광역시 연수구 미추홀대로304번길 27,인천광역시 연수구 청학동 471,인천광역시 연수구 미추홀대로304번길 27 | 인천광역시 연수구 청학동 471,2,"[2017, 2018]",fixed,
yeonsu_wydhfebj_001,national_standard,yeonsu,37.41893,126.6727,wydhfeb,wydhfebj,청학동,인천광역시 연수구 함박뫼로12번길25,인천광역시 연수구 청학동 471,인천광역시 연수구 함박뫼로12번길25 | 인천광역시 연수구 청학동 471,3,"[2017, 2018, 2020]",fixed,
yeonsu_wydhfecc_001,national_standard,yeonsu,37.41825,126.675,wydhfec,wydhfecc,청학동,인천광역시 연수구 청명로31번길 13-13,인천광역시 연수구 청학동493-5,인천광역시 연수구 청명로31번길 13-13 | 인천광역시 연수구 청학동493-5,1,[2020],fixed,
yeonsu_wydhfecg_001,national_standard,yeonsu,37.41862,126.675,wydhfec,wydhfecg,청학동,인천광역시 연수구 벛꽃로82번길 20,인천광역시 연수구 청학동 491-6,인천광역시 연수구 벛꽃로82번길 20 | 인천광역시 연수구 청학동 491-6,2,[2019],fixed,
yeonsu_wydhfedz_001,national_standard,yeonsu,37.41791,126.6763,wydhfed,wydhfedz,청학동,인천광역시 연수구 용담로85번길 31,인천광역시 연수구 청학동 497,인천광역시 연수구 용담로85번길 31 | 인천광역시 연수구 청학동 497,2,[2022],fixed,
yeonsu_wydhfeh7_001,national_standard,yeonsu,37.41451,126.6783,wydhfeh,wydhfeh7,연수동,인천광역시 연수구 청능대로113번길43,인천광역시 연수구 연수동 598-2,인천광역시 연수구 청능대로113번길43 | 인천광역시 연수구 연수동 598-2,1,[2020],fixed,
yeonsu_wydhfej9_001,national_standard,yeonsu,37.41418,126.6802,wydhfej,wydhfej9,연수동,인천광역시 연수구 샘말로68-5,인천광역시 연수구 연수동 622,인천광역시 연수구 샘말로68-5 | 인천광역시 연수구 연수동 622,1,[2020],fixed,
yeonsu_wydhfemq_001,national_standard,yeonsu,37.41642,126.6796,wydhfem,wydhfemq,연수동,,인천광역시 연수구 연수동 593-2,인천광역시 연수구 연수동 593-2,2,[2020],fixed,
yeonsu_wydhfenh_001,national_standard,yeonsu,37.41473,126.6808,wydhfen,wydhfenh,연수동,인천광역시 연수구 샘말로88번길 1,인천광역시 연수구 연수동  618-9,인천광역시 연수구 샘말로88번길 1 | 인천광역시 연수구 연수동  618-9 | 인천광역시 연수구 샘말로88번길 1 | 인천광역시 연수구 연수동 618-9,3,"[2018, 2022]",fixed,
yeonsu_wydhfeu6_001,national_standard,yeonsu,37.41852,126.6785,wydhfeu,wydhfeu6,연수동,인천광역시 연수구 먼우금로 243 맞은편,인천광역시 연수구 연수동  587-1,인천광역시 연수구 먼우금로 243 맞은편 | 인천광역시 연수구 연수동  587-1 | 인천광역시 연수구 연수동  587-1,3,"[2018, 2021]",fixed,
yeonsu_wydhfevs_001,national_standard,yeonsu,37.41879,126.6801,wydhfev,wydhfevs,연수동,인천광역시 연수구 먼우금로252번길 16,인천광역시 연수구 연수동 570-4,인천광역시 연수구 먼우금로252번길 16 | 인천광역시 연수구 연수동 570-4,1,[2021],fixed,
yeonsu_wydhfh04_001,national_standard,yeonsu,37.41978,126.6507,wydhfh0,wydhfh04,옥련동,인천광역시 연수구 능허대로179번길 32,인천광역시 연수구 옥련동  541-3,인천광역시 연수구 능허대로179번길 32 | 인천광역시 연수구 옥련동  541-3,2,[2018],fixed,
yeonsu_wydhfh09_001,national_standard,yeonsu,37.41977,126.6514,wydhfh0,wydhfh09,옥련동,인천광역시 연수구 능허대로179번길35,인천광역시 연수구 옥련동 524-8,인천광역시 연수구 능허대로179번길35 | 인천광역시 연수구 옥련동 524-8,1,[2020],fixed,
yeonsu_wydhfh0m_001,national_standard,yeonsu,37.42042,126.6509,wydhfh0,wydhfh0m,옥련동,인천광역시 연수구 능허대로179번길57,인천광역시 연수구 옥련동 521-11,인천광역시 연수구 능허대로179번길57 | 인천광역시 연수구 옥련동 521-11 | 인천광역시 연수구 능허대로167번길 57 | 인천광역시 연수구 옥련동 521-11,2,[2025],fixed,
yeonsu_wydhfh28_001,national_standard,yeonsu,37.42094,126.6513,wydhfh2,wydhfh28,옥련동,인천광역시 연수구 청량로155번길 17,인천광역시 연수구 옥련동 521-3,인천광역시 연수구 옥련동 521-3 | 인천광역시 연수구 청량로155번길 17 | 인천광역시 연수구 옥련동 521-3,2,[2025],fixed,
yeonsu_wydhfh67_001,national_standard,yeonsu,37.42135,126.6536,wydhfh6,wydhfh67,옥련동,인천광역시 연수구 청량로164번길13,인천광역시 연수구 옥련동 405-101,인천광역시 연수구 청량로164번길13 | 인천광역시 연수구 옥련동 405-101,1,[2020],fixed,
yeonsu_wydhfh6z_001,national_standard,yeonsu,37.42209,126.6545,wydhfh6,wydhfh6z,옥련동,인천광역시 연수구 청량로164번길 39,인천광역시 연수구 옥련동 405-25,인천광역시 연수구 청량로164번길 39 | 인천광역시 연수구 옥련동 405-25,1,[2020],fixed,
yeonsu_wydhfh9j_001,national_standard,yeonsu,37.42313,126.6518,wydhfh9,wydhfh9j,옥련동,,인천광역시 연수구 옥련동 398-4,인천광역시 연수구 옥련동 398-4,2,[2021],fixed,
yeonsu_wydhfhe2_001,national_standard,yeonsu,37.42234,126.6551,wydhfhe,wydhfhe2,옥련동,인천광역시 연수구 청량로164번길 53,인천광역시 연수구 옥련동  405-2,인천광역시 연수구 청량로164번길 53 | 인천광역시 연수구 옥련동  405-2,1,[2018],fixed,
yeonsu_wydhfhf3_001,national_standard,yeonsu,37.4238,126.6536,wydhfhf,wydhfhf3,옥련동,인천광역시 연수구 청량로184번길 16,인천광역시 연수구 옥련동  371-3,인천광역시 연수구 청량로184번길 16 | 인천광역시 연수구 옥련동  371-3,2,[2018],fixed,
yeonsu_wydhfhge_001,national_standard,yeonsu,37.42413,126.6554,wydhfhg,wydhfhge,옥련동,인천광역시 연수구 한나루로164번길 2,인천광역시 연수구 옥련동 352-12,인천광역시 연수구 한나루로164번길 2 | 인천광역시 연수구 옥련동 352-12,2,[2020],fixed,
yeonsu_wydhfhsy_001,national_standard,yeonsu,37.4233,126.6571,wydhfhs,wydhfhsy,옥련동,인천광역시 연수구 청룡로42번길 5,인천광역시 연수구 옥련동 348-109,인천광역시 연수구 청룡로42번길 5 | 인천광역시 연수구 옥련동 348-109,3,[2021],fixed,
yeonsu_wydhfhun_001,national_standard,yeonsu,37.42474,126.6559,wydhfhu,wydhfhun,옥련동,인천광역시 연수구 청룡로 1,인천광역시 연수구 옥련동 341-39,인천광역시 연수구 청룡로 1 | 인천광역시 연수구 옥련동 341-39,2,[2021],fixed,
yeonsu_wydhfhv4_001,national_standard,yeonsu,37.42406,126.6574,wydhfhv,wydhfhv4,옥련동,인천광역시 연수구 한나루로180번길 34-2,인천광역시 연수구 옥련동  344-18,인천광역시 연수구 한나루로180번길 34-2 | 인천광역시 연수구 옥련동  344-18,1,[2018],fixed,
yeonsu_wydhfhvk_001,national_standard,yeonsu,37.42433,126.6579,wydhfhv,wydhfhvk,옥련동,인천광역시 연수구 한나루로180번길 33,인천광역시 연수구 옥련동 330-31,인천광역시 연수구 한나루로180번길 33 | 인천광역시 연수구 옥련동 330-31,1,[2022],fixed,
yeonsu_wydhfj0x_001,national_standard,yeonsu,37.42618,126.6512,wydhfj0,wydhfj0x,옥련동,,인천광역시 연수구 옥련동 249-4,인천광역시 연수구 옥련동 249-4,2,[2021],fixed,
yeonsu_wydhfj49_001,national_standard,yeonsu,37.42512,126.6541,wydhfj4,wydhfj49,옥련동,,인천광역시 연수구 옥련동 644-5,인천광역시 연수구 옥련동 644-5,1,[2021],fixed,
yeonsu_wydhfj4c_001,national_standard,yeonsu,37.42512,126.6542,wydhfj4,wydhfj4c,옥련동,,인천광역시 연수구 옥련동 644-5,인천광역시 연수구 옥련동 644-5,1,[2021],fixed,
yeonsu_wydhfj5d_001,national_standard,yeonsu,37.42537,126.6555,wydhfj5,wydhfj5d,옥련동,,인천광역시 연수구 옥련동  339,인천광역시 연수구 옥련동  339,2,[2019],fixed,
yeonsu_wydhfj67_001,national_standard,yeonsu,37.42693,126.6538,wydhfj6,wydhfj67,옥련동,인천광역시 연수구 한나루로189번길 50,인천광역시 연수구 옥련동 276-6,인천광역시 연수구 한나루로189번길 50 | 인천광역시 연수구 옥련동 276-6,2,[2022],fixed,
yeonsu_wydhfj6n_001,national_standard,yeonsu,37.42749,126.6533,wydhfj6,wydhfj6n,옥련동,인천광역시 연수구 청량로 236,인천광역시 연수구 옥련동  270-9,인천광역시 연수구 청량로 236 | 인천광역시 연수구 옥련동  270-9 | 인천광역시 연수구 청량로 237 | 인천광역시 연수구 옥련동 269-8,2,"[2018, 2022]",fixed,
yeonsu_wydhfj7r_001,national_standard,yeonsu,37.42752,126.655,wydhfj7,wydhfj7r,옥련동,인천광역시 연수구 비류대로186번길 14,인천광역시 연수구 옥련동  643-1,인천광역시 연수구 비류대로186번길 14 | 인천광역시 연수구 옥련동  643-1 | 인천광역시 연수구 비류대로186번길 14 | 인천광역시 연수구 옥련동 643-1,3,"[2017, 2018, 2022]",fixed,
yeonsu_wydhfj84_001,national_standard,yeonsu,37.42816,126.6504,wydhfj8,wydhfj84,옥련동,인천광역시 연수구 비류대로144번길14,인천광역시 연수구 옥련동 118-1,인천광역시 연수구 비류대로144번길14 | 인천광역시 연수구 옥련동 118-1,1,[2020],fixed,
yeonsu_wydhfj8e_001,national_standard,yeonsu,37.42832,126.6511,wydhfj8,wydhfj8e,옥련동,인천광역시 연수구 한진로72번길34,인천광역시 연수구 옥련동 116-12,인천광역시 연수구 한진로72번길34 | 인천광역시 연수구 옥련동 116-12,1,[2020],fixed,
yeonsu_wydhfj8x_001,national_standard,yeonsu,37.42895,126.6511,wydhfj8,wydhfj8x,옥련동,인천광역시 연수구 비류대로146번길6,인천광역시 연수구 옥련동 116-2,인천광역시 연수구 비류대로146번길6 | 인천광역시 연수구 옥련동 116-2,2,[2020],fixed,
yeonsu_wydhfj91_001,national_standard,yeonsu,37.42789,126.6518,wydhfj9,wydhfj91,옥련동,인천광역시 연수구 비류대로156번길 23,인천광역시 연수구 옥련동 260-3,인천광역시 연수구 비류대로156번길 23 | 인천광역시 연수구 옥련동 260-3,2,[2020],fixed,
yeonsu_wydhfj94_001,national_standard,yeonsu,37.42814,126.6519,wydhfj9,wydhfj94,옥련동,인천광역시 연수구 비류대로156번길 17,인천광역시 연수구 옥련동  116-11,인천광역시 연수구 비류대로156번길 17 | 인천광역시 연수구 옥련동  116-11,2,[2018],fixed,
yeonsu_wydhfj9d_001,national_standard,yeonsu,37.42802,126.6525,wydhfj9,wydhfj9d,옥련동,,인천광역시 연수구 옥련동  267-4,인천광역시 연수구 옥련동  267-4,1,[2018],fixed,
yeonsu_wydhfjd6_001,national_standard,yeonsu,37.42808,126.6537,wydhfjd,wydhfjd6,옥련동,,인천광역시 연수구 옥련동  265-75,인천광역시 연수구 옥련동  265-75,2,[2018],fixed,
yeonsu_wydhfjec_001,national_standard,yeonsu,37.42792,126.6556,wydhfje,wydhfjec,옥련동,인천광역시 연수구 한나루로201번길 23,인천광역시 연수구 옥련동 289-14,인천광역시 연수구 한나루로201번길 23 | 인천광역시 연수구 옥련동 289-14,1,[2020],fixed,
yeonsu_wydhfjj7_001,national_standard,yeonsu,37.42561,126.6578,wydhfjj,wydhfjj7,옥련동,인천광역시 연수구 한나루로186번길 32,인천광역시 연수구 옥련동  330-1,인천광역시 연수구 한나루로186번길 32 | 인천광역시 연수구 옥련동  330-1,1,[2018],fixed,
yeonsu_wydhfjk9_001,national_standard,yeonsu,37.42659,126.6566,wydhfjk,wydhfjk9,옥련동,인천광역시 연수구 한나루로196번길2,인천광역시 연수구 옥련동 308-29,인천광역시 연수구 한나루로196번길2 | 인천광역시 연수구 옥련동 308-29,1,[2020],fixed,
yeonsu_wydhfjkp_001,national_standard,yeonsu,37.42762,126.6562,wydhfjk,wydhfjkp,옥련동,인천광역시 연수구 비류대로 202,인천광역시 연수구 옥련동  305-3,인천광역시 연수구 비류대로 202 | 인천광역시 연수구 옥련동  305-3,2,[2018],fixed,
yeonsu_wydhfjnm_001,national_standard,yeonsu,37.42588,126.6591,wydhfjn,wydhfjnm,옥련동,인천광역시 연수구 청룡로29번길 61,인천광역시 연수구 옥련동  327-21,인천광역시 연수구 청룡로29번길 61 | 인천광역시 연수구 옥련동  327-21,2,"[2017, 2018]",fixed,
yeonsu_wydhfjpm_001,national_standard,yeonsu,37.42594,126.6604,wydhfjp,wydhfjpm,옥련동,인천광역시 연수구 청룡로29번길 81,인천광역시 연수구 옥련동  319-17,인천광역시 연수구 청룡로29번길 81 | 인천광역시 연수구 옥련동  319-17,2,"[2017, 2018]",fixed,
yeonsu_wydhfjqs_001,national_standard,yeonsu,37.42703,126.6594,wydhfjq,wydhfjqs,옥련동,인천광역시 연수구 비류대로224번길 6,인천광역시 연수구 옥련동  314-4,인천광역시 연수구 비류대로224번길 6 | 인천광역시 연수구 옥련동  314-4,2,"[2017, 2018]",fixed,
yeonsu_wydhfjzb_001,national_standard,yeonsu,37.42914,126.6611,wydhfjz,wydhfjzb,청학동,인천광역시 연수구 청학로21번길 33,인천광역시 연수구 청학동 39-2,인천광역시 연수구 청학로21번길 33 | 인천광역시 연수구 청학동 39-2,2,[2019],fixed,
yeonsu_wydhfkfk_001,national_standard,yeonsu,37.42435,126.6648,wydhfkf,wydhfkfk,청학동,,인천광역시 연수구 청학동 571-2,인천광역시 연수구 청학동 571-2,3,[2021],fixed,
yeonsu_wydhfkfy_001,national_standard,yeonsu,37.42469,126.6653,wydhfkf,wydhfkfy,청학동,인천광역시 연수구 솔샘로 62,인천광역시 연수구 청학동 569-5,인천광역시 연수구 솔샘로 62 | 인천광역시 연수구 청학동 569-5,3,"[2017, 2018, 2021]",fixed,
yeonsu_wydhfm1c_001,national_standard,yeonsu,37.4252,126.664,wydhfm1,wydhfm1c,청학동,인천광역시 연수구 솔샘로 85,인천광역시 연수구 청학동 566-8,인천광역시 연수구 솔샘로 85 | 인천광역시 연수구 청학동 566-8,2,"[2017, 2018]",fixed,
yeonsu_wydhfm1m_001,national_standard,yeonsu,37.42581,126.6633,wydhfm1,wydhfm1m,청학동,인천광역시 연수구 비류대로256번길 18,인천광역시 연수구 청학동 560-10,인천광역시 연수구 비류대로256번길 18 | 인천광역시 연수구 청학동 560-10,1,[2018],fixed,
yeonsu_wydhfm2q_001,national_standard,yeonsu,37.42745,126.662,wydhfm2,wydhfm2q,청학동,,인천광역시 연수구 청학동 90-11,인천광역시 연수구 청학동 90-11,2,"[2022, 2023]",fixed,
yeonsu_wydhfm4b_001,national_standard,yeonsu,37.42507,126.6652,wydhfm4,wydhfm4b,청학동,인천광역시 연수구 비류대로294번길32-20,인천광역시 연수구 청학동568-7,인천광역시 연수구 비류대로294번길32-20 | 인천광역시 연수구 청학동568-7,2,[2020],fixed,
yeonsu_wydhfm4j_001,national_standard,yeonsu,37.42594,126.6642,wydhfm4,wydhfm4j,청학동,인천광역시 연수구 비류대로278번길 18-10,인천광역시 연수구 청학동 563-11,인천광역시 연수구 비류대로278번길 18-10 | 인천광역시 연수구 청학동 563-11,1,[2018],fixed,
yeonsu_wydhfm4x_001,national_standard,yeonsu,37.42622,126.6651,wydhfm4,wydhfm4x,청학동,인천광역시 연수구 비류대로 278번길 8-6,인천광역시 연수구 청학동 562-9,인천광역시 연수구 비류대로 278번길 8-6 | 인천광역시 연수구 청학동 562-9,1,[2022],fixed,
yeonsu_wydhfm6p_001,national_standard,yeonsu,37.4276,126.6643,wydhfm6,wydhfm6p,청학동,인천광역시 연수구 청학로6번길 10,인천광역시 연수구 청학동 527-4,인천광역시 연수구 청학로6번길 10 | 인천광역시 연수구 청학동 527-4,2,[2019],fixed,
yeonsu_wydhfm7u_001,national_standard,yeonsu,37.42706,126.6666,wydhfm7,wydhfm7u,청학동,인천광역시 연수구 청학로6번길 57,인천광역시 연수구 청학동 538-5,인천광역시 연수구 청학로6번길 57 | 인천광역시 연수구 청학동 538-5,2,[2019],fixed,
yeonsu_wydhfm7x_001,national_standard,yeonsu,37.42759,126.6662,wydhfm7,wydhfm7x,청학동,인천광역시 연수구 청학로12번길 53,인천광역시 연수구 청학동 539-3,인천광역시 연수구 청학로12번길 53 | 인천광역시 연수구 청학동 539-3,1,[2023],fixed,
yeonsu_wydhfm8f_001,national_standard,yeonsu,37.4281,126.6627,wydhfm8,wydhfm8f,청학동,인천광역시 연수구 청학로5번길 16-10,인천광역시 연수구 청학동 525-6,인천광역시 연수구 청학로5번길 16-10 | 인천광역시 연수구 청학동 525-6,2,[2018],fixed,
yeonsu_wydhfm8m_001,national_standard,yeonsu,37.42866,126.662,wydhfm8,wydhfm8m,청학동,인천광역시 연수구 비류대로239번길 42,인천광역시 연수구 청학동 522-18,인천광역시 연수구 비류대로239번길 42 | 인천광역시 연수구 청학동 522-18,2,[2018],fixed,
yeonsu_wydhfm8v_001,national_standard,yeonsu,37.42866,126.6625,wydhfm8,wydhfm8v,청학동,인천광역시 연수구 청학로15번길,인천광역시 연수구 청학동522-19,인천광역시 연수구 청학로15번길 | 인천광역시 연수구 청학동522-19,1,[2020],fixed,
yeonsu_wydhfm9d_001,national_standard,yeonsu,37.4281,126.6635,wydhfm9,wydhfm9d,청학동,인천광역시 연수구 청학로 10,인천광역시 연수구 청학동 528-9,인천광역시 연수구 청학로 10 | 인천광역시 연수구 청학동 528-9,2,[2018],fixed,
yeonsu_wydhfmbw_001,national_standard,yeonsu,37.43021,126.6622,wydhfmb,wydhfmbw,청학동,인천광역시 연수구 청학안로 22,인천광역시 연수구 청학동 518-11,인천광역시 연수구 청학안로 22 | 인천광역시 연수구 청학동 518-11,1,[2021],fixed,
yeonsu_wydhfmc2_001,national_standard,yeonsu,37.42911,126.6634,wydhfmc,wydhfmc2,청학동,인천광역시 연수구 청학로21번길 2,인천광역시 연수구 청학동 521-12,인천광역시 연수구 청학로21번길 2 | 인천광역시 연수구 청학동 521-12,1,[2023],fixed,
yeonsu_wydhfmc4_001,national_standard,yeonsu,37.42956,126.6629,wydhfmc,wydhfmc4,청학동,,인천광역시 연수구 청학동520-8,인천광역시 연수구 청학동520-8,1,[2020],fixed,
yeonsu_wydhfmcd_001,national_standard,yeonsu,37.42953,126.6636,wydhfmc,wydhfmcd,청학동,인천광역시 연수구 청학로 26,인천광역시 연수구 청학동 530-10,인천광역시 연수구 청학로 26 | 인천광역시 연수구 청학동 530-10,3,"[2018, 2023]",fixed,
yeonsu_wydhfmcu_001,national_standard,yeonsu,37.4298,126.6641,wydhfmc,wydhfmcu,청학동,인천광역시 연수구 청학로28번길 14,인천광역시 연수구 청학동 530-8,인천광역시 연수구 청학로28번길 14 | 인천광역시 연수구 청학동 530-8,2,"[2017, 2018]",fixed,
yeonsu_wydhfmd9_001,national_standard,yeonsu,37.42795,126.665,wydhfmd,wydhfmd9,청학동,인천광역시 연수구 청학로12번길 29,인천광역시 연수구 청학동 535-4,인천광역시 연수구 청학로12번길 29 | 인천광역시 연수구 청학동 535-4,3,[2025],fixed,
yeonsu_wydhfmed_001,national_standard,yeonsu,37.42806,126.6665,wydhfme,wydhfmed,청학동,인천광역시 연수구 청학로16번길 55,인천광역시 연수구 청학동 540-10,인천광역시 연수구 청학로16번길 55 | 인천광역시 연수구 청학동 540-10,1,[2022],fixed,
yeonsu_wydhfmep_001,national_standard,yeonsu,37.42893,126.6655,wydhfme,wydhfmep,청학동,인천광역시 연수구 계림로35번길 8,인천광역시 연수구 청학동 533-1,인천광역시 연수구 계림로35번길 8 | 인천광역시 연수구 청학동 533-1,2,"[2017, 2018]",fixed,
yeonsu_wydhfmk9_001,national_standard,yeonsu,37.4266,126.6679,wydhfmk,wydhfmk9,청학동,인천광역시 연수구 청학로6번길 80,인천광역시 연수구 청학동 527-22,인천광역시 연수구 청학로6번길 80 | 인천광역시 연수구 청학동 527-22,2,[2018],fixed,
yeonsu_wydhfmm1_001,national_standard,yeonsu,37.42649,126.6685,wydhfmm,wydhfmm1,청학동,인천광역시 연수구 비류대로303번길 10,인천광역시 연수구 청학동 553-1,인천광역시 연수구 비류대로303번길 10 | 인천광역시 연수구 청학동 553-1,2,[2018],fixed,
yeonsu_wydhfmm9_001,national_standard,yeonsu,37.4266,126.6691,wydhfmm,wydhfmm9,청학동,,인천광역시 연수구 청학동 551-5,인천광역시 연수구 청학동 551-5,2,"[2017, 2018]",fixed,
yeonsu_wydhfmmm_001,national_standard,yeonsu,37.42733,126.6689,wydhfmm,wydhfmmm,청학동,인천광역시 연수구 비류대로303번길 36,인천광역시 연수구 청학동 551-9,인천광역시 연수구 비류대로303번길 36 | 인천광역시 연수구 청학동 551-9,3,"[2018, 2023]",fixed,
yeonsu_wydhfmnd_001,national_standard,yeonsu,37.42539,126.6704,wydhfmn,wydhfmnd,연수동,인천광역시 연수구 비류대로321번길 1-2,인천광역시 연수구 청학동 556-4,인천광역시 연수구 비류대로321번길 1-2 | 인천광역시 연수구 청학동 556-4,2,[2018],fixed,
yeonsu_wydhfmnt_001,national_standard,yeonsu,37.4258,126.6704,wydhfmn,wydhfmnt,청학동,인천광역시 연수구 미추홀대로304번길 10,인천광역시 연수구 청학동 556-3,인천광역시 연수구 미추홀대로304번길 10 | 인천광역시 연수구 청학동 556-3,1,[2018],fixed,
yeonsu_wydhfms1_001,national_standard,yeonsu,37.42789,126.6671,wydhfms,wydhfms1,청학동,인천광역시 연수구 청학로16번길 67,인천광역시 연수구 청학동 540-23,인천광역시 연수구 청학로16번길 67 | 인천광역시 연수구 청학동 540-23,3,"[2018, 2022]",fixed,
yeonsu_wydhfms7_001,national_standard,yeonsu,37.42832,126.6674,wydhfms,wydhfms7,청학동,인천광역시 연수구 계림로 71-3,인천광역시 연수구 청학동 541-16,인천광역시 연수구 계림로 71-3 | 인천광역시 연수구 청학동 541-16,1,[2022],fixed,
yeonsu_wydhfmsf_001,national_standard,yeonsu,37.42817,126.668,wydhfms,wydhfmsf,청학동,인천광역시 연수구 계림로 83,인천광역시 연수구 청학동 547-4,인천광역시 연수구 계림로 83 | 인천광역시 연수구 청학동 547-4,1,[2022],fixed,
yeonsu_wydhfmst_001,national_standard,yeonsu,37.4287,126.6676,wydhfms,wydhfmst,청학동,인천광역시 연수구 계림로 71-8,인천광역시 연수구 청학동 541-4,인천광역시 연수구 계림로 71-8 | 인천광역시 연수구 청학동 541-4,1,[2023],fixed,
yeonsu_wydhfmt1_001,national_standard,yeonsu,37.42794,126.6684,wydhfmt,wydhfmt1,청학동,인천광역시 연수구 계림로 89,인천광역시 연수구 청학동 547-10,인천광역시 연수구 계림로 89 | 인천광역시 연수구 청학동 547-10,1,[2018],fixed,
yeonsu_wydhfmt8_001,national_standard,yeonsu,37.42775,126.6691,wydhfmt,wydhfmt8,청학동,인천광역시 연수구 계림로 104,인천광역시 연수구 청학동 551-1,인천광역시 연수구 계림로 104 | 인천광역시 연수구 청학동 551-1,3,[2025],fixed,
yeonsu_wydhfmtp_001,national_standard,yeonsu,37.42894,126.6684,wydhfmt,wydhfmtp,청학동,인천광역시 연수구 계림로35번길 41-13,인천광역시 연수구 청학동 542-4,인천광역시 연수구 계림로35번길 41-13 | 인천광역시 연수구 청학동 542-4,1,[2022],fixed,
yeonsu_wydhfmu0_001,national_standard,yeonsu,37.42909,126.6669,wydhfmu,wydhfmu0,청학동,인천광역시 연수구 계림로57번길 5,인천광역시 연수구 청학동 533-3,인천광역시 연수구 계림로57번길 5 | 인천광역시 연수구 청학동 533-3,3,"[2022, 2023]",fixed,
yeonsu_wydhfmuc_001,national_standard,yeonsu,37.4293,126.668,wydhfmu,wydhfmuc,청학동,인천광역시 연수구 계림로57번길 32,인천광역시 연수구 청학동 542-7,인천광역시 연수구 계림로57번길 32 | 인천광역시 연수구 청학동 542-7,3,[2021],fixed,
yeonsu_wydhfmv6_001,national_standard,yeonsu,37.42955,126.6688,wydhfmv,wydhfmv6,청학동,인천광역시 연수구 계림로57번길 50,인천광역시 연수구 청학동 546-4,인천광역시 연수구 계림로57번길 50 | 인천광역시 연수구 청학동 546-4,3,"[2018, 2021]",fixed,
yeonsu_wydhfmv9_001,national_standard,yeonsu,37.42923,126.6691,wydhfmv,wydhfmv9,청학동,인천광역시 연수구 계림로91번길 29,인천광역시 연수구 청학동 546-1,인천광역시 연수구 계림로91번길 29 | 인천광역시 연수구 청학동 546-1,2,[2018],fixed,
yeonsu_wydhfnr0_001,national_standard,yeonsu,37.43195,126.6601,wydhfnr,wydhfnr0,청학동,인천광역시 연수구 청솔로 104,인천광역시 연수구 청학동 3-108,인천광역시 연수구 청솔로 104 | 인천광역시 연수구 청학동 3-108,1,[2020],fixed,
yeonsu_wydhfq08_001,national_standard,yeonsu,37.43059,126.6621,wydhfq0,wydhfq08,청학동,인천광역시 연수구 청학안로24번길 7,인천광역시 연수구 청학동 517-2,인천광역시 연수구 청학안로24번길 7 | 인천광역시 연수구 청학동 517-2,2,[2021],fixed,
yeonsu_wydhfq14_001,national_standard,yeonsu,37.43088,126.6628,wydhfq1,wydhfq14,청학동,인천광역시 연수구 청학안로14번길 15,인천광역시 연수구 청학동 518-3,인천광역시 연수구 청학안로14번길 15 | 인천광역시 연수구 청학동 518-3,2,[2021],fixed,
yeonsu_wydhfs32_001,national_standard,yeonsu,37.42093,126.6741,wydhfs3,wydhfs32,청학동,인천광역시 연수구 함박뫼로50번길 13,인천광역시 연수구 연수동  559-5,인천광역시 연수구 함박뫼로50번길 13 | 인천광역시 연수구 연수동  559-5,2,[2019],fixed,
yeonsu_wydhfs4e_001,national_standard,yeonsu,37.41998,126.6758,wydhfs4,wydhfs4e,청학동,인천광역시 연수구 새말로56번길15,인천광역시 연수구 연수동 566-11,인천광역시 연수구 새말로56번길15 | 인천광역시 연수구 연수동 566-11,1,[2020],fixed,
yeonsu_wydhfs4q_001,national_standard,yeonsu,37.42048,126.6757,wydhfs4,wydhfs4q,연수동,인천광역시 연수구 새말로46번길 17-12,인천광역시 연수구 연수동  562-3,인천광역시 연수구 새말로46번길 17-12 | 인천광역시 연수구 연수동  562-3,2,[2019],fixed,
yeonsu_wydhfs4u_001,national_standard,yeonsu,37.4202,126.6762,wydhfs4,wydhfs4u,연수동,인천광역시 연수구 새말로56번길 11-9,인천광역시 연수구 연수동 565-10,인천광역시 연수구 새말로56번길 11-9 | 인천광역시 연수구 연수동 565-10,1,[2020],fixed,
yeonsu_wydhfs50_001,national_standard,yeonsu,37.41949,126.6767,wydhfs5,wydhfs50,연수동,인천광역시 연수구 함박뫼로50번길67,인천광역시 연수구 연수동 566-6,인천광역시 연수구 함박뫼로50번길67 | 인천광역시 연수구 연수동 566-6,1,[2020],fixed,
yeonsu_wydhfs5t_001,national_standard,yeonsu,37.42034,126.6775,wydhfs5,wydhfs5t,연수동,인천광역시 연수구 먼우금로251번길 46,인천광역시 연수구 연수동 549-3,인천광역시 연수구 먼우금로251번길 46 | 인천광역시 연수구 연수동 549-3,1,[2020],fixed,
yeonsu_wydhfs7q_001,national_standard,yeonsu,37.42185,126.6771,wydhfs7,wydhfs7q,연수동,인천광역시 연수구 학나래로14번길 3,인천광역시 연수구 연수동 541-2,인천광역시 연수구 학나래로14번길 3 | 인천광역시 연수구 연수동 541-2,3,[2021],fixed,
yeonsu_wydhfsd6_001,national_standard,yeonsu,37.42253,126.6757,wydhfsd,wydhfsd6,연수동,인천광역시 연수구 새말로35번길14-2,,인천광역시 연수구 새말로35번길14-2,1,[2020],fixed,
yeonsu_wydhfsh9_001,national_standard,yeonsu,37.41976,126.6786,wydhfsh,wydhfsh9,연수동,인천광역시 연수구 먼우금로251번길 14-4,인천광역시 연수구 연수동  544-5,인천광역시 연수구 먼우금로251번길 14-4 | 인천광역시 연수구 연수동  544-5,2,[2018],fixed,
yeonsu_wydhfshk_001,national_standard,yeonsu,37.42021,126.6784,wydhfsh,wydhfshk,연수동,인천광역시 연수구 새말로69번길 16-5,인천광역시 연수구 연수동 545-8,인천광역시 연수구 새말로69번길 16-5 | 인천광역시 연수구 연수동 545-8,2,[2020],fixed,
yeonsu_wydhfshw_001,national_standard,yeonsu,37.42051,126.6787,wydhfsh,wydhfshw,연수동,인천광역시 연수구 새말로69번길 22-5,인천광역시 연수구 연수동  546-12,인천광역시 연수구 새말로69번길 22-5 | 인천광역시 연수구 연수동  546-12,1,[2018],fixed,
yeonsu_wydhfsk8_001,national_standard,yeonsu,37.42095,126.6787,wydhfsk,wydhfsk8,연수동,인천광역시 연수구 새말로69번길 25,인천광역시 연수구 연수동 547,인천광역시 연수구 새말로69번길 25 | 인천광역시 연수구 연수동 547,2,"[2018, 2022]",fixed,
yeonsu_wydhfsvq_001,national_standard,yeonsu,37.42459,126.6798,wydhfsv,wydhfsvq,연수동,인천광역시 연수구 함박로4번길8,인천광역시 연수구 연수동 491-6,인천광역시 연수구 함박로4번길8 | 인천광역시 연수구 연수동 491-6,1,[2020],fixed,
yeonsu_wydhfsvr_001,national_standard,yeonsu,37.42482,126.6797,wydhfsv,wydhfsvr,연수동,,인천광역시 연수구 연수동 639-12,인천광역시 연수구 연수동 639-12,1,[2020],fixed,
yeonsu_wydhfsym_001,national_standard,yeonsu,37.42446,126.681,wydhfsy,wydhfsym,연수동,,인천광역시 연수구 연수동  492-7,인천광역시 연수구 연수동  492-7,2,[2019],fixed,
yeonsu_wydhfszh_001,national_standard,yeonsu,37.42437,126.6822,wydhfsz,wydhfszh,연수동,인천광역시 연수구 비류대로 429,인천광역시 연수구 연수동  507-14,인천광역시 연수구 비류대로 429 | 인천광역시 연수구 연수동  507-14,2,[2019],fixed,
yeonsu_wydhfszu_001,national_standard,yeonsu,37.42437,126.6833,wydhfsz,wydhfszu,연수동,인천광역시 연수구 함박로92번길41,인천광역시 연수구 연수동 509-1,인천광역시 연수구 함박로92번길41 | 인천광역시 연수구 연수동 509-1,1,[2020],fixed,
yeonsu_wydhfszx_001,national_standard,yeonsu,37.42485,126.6829,wydhfsz,wydhfszx,연수동,인천광역시 연수구 비류대로433번길 12,인천광역시 연수구 연수동 508-22,인천광역시 연수구 비류대로433번길 12 | 인천광역시 연수구 연수동 508-22,2,[2023],fixed,
yeonsu_wydhft01_001,national_standard,yeonsu,37.42524,126.6725,wydhft0,wydhft01,연수동,인천광역시 연수구 비류대로331번길 2-19,인천광역시 연수구 연수동 475-16,인천광역시 연수구 비류대로331번길 2-19 | 인천광역시 연수구 연수동 475-16 | 인천광역시 연수구 연수동 475-16,2,[2025],fixed,
yeonsu_wydhft5m_001,national_standard,yeonsu,37.42585,126.677,wydhft5,wydhft5m,연수동,인천광역시 연수구 함박안로 28,인천광역시 연수구 연수동  483-8,인천광역시 연수구 함박안로 28 | 인천광역시 연수구 연수동  483-8,4,"[2017, 2018]",fixed,
yeonsu_wydhft5s_001,national_standard,yeonsu,37.42571,126.6775,wydhft5,wydhft5s,연수동,인천광역시 연수구 함박안로26번길 4,인천광역시 연수구 연수동  481-1,인천광역시 연수구 함박안로26번길 4 | 인천광역시 연수구 연수동  481-1,2,[2018],fixed,
yeonsu_wydhfth4_001,national_standard,yeonsu,37.42529,126.678,wydhfth,wydhfth4,연수동,인천광역시 연수구 함박로7번길 11,인천광역시 연수구 연수동  480-4,인천광역시 연수구 함박로7번길 11 | 인천광역시 연수구 연수동  480-4,2,"[2018, 2020]",fixed,
yeonsu_wydhfthc_001,national_standard,yeonsu,37.42526,126.6791,wydhfth,wydhfthc,연수동,인천광역시 연수구 함박로8번길 5,인천광역시 연수구 연수동 489-10,인천광역시 연수구 함박로8번길 5 | 인천광역시 연수구 연수동 489-10,2,[2022],fixed,
yeonsu_wydhfthr_001,national_standard,yeonsu,37.42622,126.6785,wydhfth,wydhfthr,연수동,인천광역시 연수구 함박안로62번길 51-15,인천광역시 연수구 연수동  484,인천광역시 연수구 함박안로62번길 51-15 | 인천광역시 연수구 연수동  484 | 인천광역시 연수구 함박안로 54 | 인천광역시 연수구 연수동 484,2,"[2017, 2023]",fixed,
yeonsu_wydhfths_001,national_standard,yeonsu,37.42566,126.6788,wydhfth,wydhfths,연수동,인천광역시 연수구 함박로 12,인천광역시 연수구 연수동 488-11,인천광역시 연수구 함박로 12 | 인천광역시 연수구 연수동 488-11,1,[2021],fixed,
yeonsu_wydhftjr_001,national_standard,yeonsu,37.42622,126.6796,wydhftj,wydhftjr,연수동,인천광역시 연수구 함박안로62번길 16,인천광역시 연수구 연수동 487-5,인천광역시 연수구 함박안로62번길 16 | 인천광역시 연수구 연수동 487-5,2,[2023],fixed,
yeonsu_wydhftk8_001,national_standard,yeonsu,37.42632,126.6787,wydhftk,wydhftk8,연수동,인천광역시 연수구 함박안로 62,인천광역시 연수구 연수동  487,인천광역시 연수구 함박안로 62 | 인천광역시 연수구 연수동  487,2,"[2017, 2018]",fixed,
yeonsu_wydhftm4_001,national_standard,yeonsu,37.42667,126.6793,wydhftm,wydhftm4,연수동,인천광역시 연수구 함박안로 72,인천광역시 연수구 연수동  486,인천광역시 연수구 함박안로 72 | 인천광역시 연수구 연수동  486,2,[2018],fixed,
yeonsu_wydhftmk_001,national_standard,yeonsu,37.42703,126.6799,wydhftm,wydhftmk,연수동,,인천광역시 연수구 연수동  485,인천광역시 연수구 연수동  485,2,"[2017, 2018]",fixed,
yeonsu_wydhftn2_001,national_standard,yeonsu,37.42503,126.6812,wydhftn,wydhftn2,연수동,인천광역시 연수구 함박로8번길 45,인천광역시 연수구 연수동  504-13,인천광역시 연수구 함박로8번길 45 | 인천광역시 연수구 연수동  504-13,1,[2018],fixed,
yeonsu_wydhftny_001,national_standard,yeonsu,37.42611,126.6818,wydhftn,wydhftny,연수동,인천광역시 연수구 함박안로62번길 51-2,인천광역시 연수구 연수동  501-17,인천광역시 연수구 함박안로62번길 51-2 | 인천광역시 연수구 연수동  501-17,2,[2018],fixed,
yeonsu_wydhftnz_001,national_standard,yeonsu,37.42628,126.6818,wydhftn,wydhftnz,연수동,인천광역시 연수구 함박안로62번길 51-2,인천광역시 연수구 연수동 514,인천광역시 연수구 함박안로62번길 51-2 | 인천광역시 연수구 연수동 514,1,[2023],fixed,
yeonsu_wydhftp7_001,national_standard,yeonsu,37.42559,126.6824,wydhftp,wydhftp7,연수동,인천광역시 연수구 함박로 48,인천광역시 연수구 연수동  507-29,인천광역시 연수구 함박로 48 | 인천광역시 연수구 연수동  507-29,2,"[2017, 2018]",fixed,
yeonsu_wydhftq5_001,national_standard,yeonsu,37.42684,126.6808,wydhftq,wydhftq5,연수동,인천광역시 연수구 함박로25번길 22-11,인천광역시 연수구 연수동  499-10,인천광역시 연수구 함박로25번길 22-11 | 인천광역시 연수구 연수동  499-10,1,[2021],fixed,
yeonsu_wydhftq8_001,national_standard,yeonsu,37.42631,126.6813,wydhftq,wydhftq8,연수동,인천광역시 연수구 함박로35번길 16,인천광역시 연수구 연수동 501-17,인천광역시 연수구 함박로35번길 16 | 인천광역시 연수구 연수동 501-17,2,"[2018, 2022]",fixed,
yeonsu_wydhfubg_001,national_standard,yeonsu,37.42422,126.6846,wydhfub,wydhfubg,연수동,인천광역시 연수구 함박로92번길27,인천광역시 연수구 연수동 509-7,인천광역시 연수구 함박로92번길27 | 인천광역시 연수구 연수동 509-7,2,[2020],fixed,
yeonsu_wydhfuy3_001,national_standard,yeonsu,37.42378,126.6921,wydhfuy,wydhfuy3,선학동,인천광역시 연수구 비류대로519번길12,인천광역시 연수구 선학동 375-8,인천광역시 연수구 비류대로519번길12 | 인천광역시 연수구 선학동 375-8 | 인천광역시 연수구 비류대로519번길 12 | 인천광역시 연수구 선학동  375-8,2,"[2020, 2022]",fixed,
yeonsu_wydhfuyk_001,national_standard,yeonsu,37.42437,126.6921,wydhfuy,wydhfuyk,선학동,인천광역시 연수구 비류대로529번길 27-17,인천광역시 연수구 선학동  375,인천광역시 연수구 비류대로529번길 27-17 | 인천광역시 연수구 선학동  375,2,"[2017, 2018]",fixed,
yeonsu_wydhfuz7_001,national_standard,yeonsu,37.42416,126.6935,wydhfuz,wydhfuz7,선학동,인천광역시 연수구 비류대로529번길 22-6,인천광역시 연수구 선학동  370-1,인천광역시 연수구 비류대로529번길 22-6 | 인천광역시 연수구 선학동  370-1,2,[2021],fixed,
yeonsu_wydhfuzj_001,national_standard,yeonsu,37.42442,126.6933,wydhfuz,wydhfuzj,선학동,인천광역시 연수구 비류대로529번길23,인천광역시 연수구 선학동 373-1,인천광역시 연수구 비류대로529번길23 | 인천광역시 연수구 선학동 373-1,1,[2020],fixed,
yeonsu_wydhfv20_001,national_standard,yeonsu,37.42633,126.6835,wydhfv2,wydhfv20,연수동,인천광역시 연수구 함박안로156번길15,인천광역시 연수구 연수동 518-18,인천광역시 연수구 함박안로156번길15 | 인천광역시 연수구 연수동 518-18,1,[2020],fixed,
yeonsu_wydhfv2b_001,national_standard,yeonsu,37.42631,126.6846,wydhfv2,wydhfv2b,연수동,인천광역시 연수구 함박안로156번길 7-15,인천광역시 연수구 연수동 517-11,인천광역시 연수구 함박안로156번길 7-15 | 인천광역시 연수구 연수동 517-11,1,[2020],fixed,
yeonsu_wydhfv4s_001,national_standard,yeonsu,37.42576,126.687,wydhfv4,wydhfv4s,연수동,인천광역시 연수구 함박안로 217,인천광역시 연수구 연수동 652,인천광역시 연수구 함박안로 217 | 인천광역시 연수구 연수동 652,2,[2022],fixed,
yeonsu_wydhghbk_001,national_standard,yeonsu,37.4243,126.6947,wydhghb,wydhghbk,선학동,인천광역시 연수구 비류대로529번길 22-19,인천광역시 연수구 선학동  371-7,인천광역시 연수구 비류대로529번길 22-19 | 인천광역시 연수구 선학동  371-7,1,[2018],fixed,
yeonsu_wydhghce_001,national_standard,yeonsu,37.42415,126.6966,wydhghc,wydhghce,선학동,인천광역시 연수구 학나래로14번길 3,인천광역시 연수구 선학동  409-5,인천광역시 연수구 학나래로14번길 3 | 인천광역시 연수구 선학동  409-5,1,[2023],fixed,
yeonsu_wydhghcs_001,national_standard,yeonsu,37.42441,126.6966,wydhghc,wydhghcs,선학동,인천광역시 연수구 학나래로14번길 3,인천광역시 연수구 선학동  409-5,인천광역시 연수구 학나래로14번길 3 | 인천광역시 연수구 선학동  409-5,2,[2021],fixed,
yeonsu_wydhghct_001,national_standard,yeonsu,37.42442,126.6966,wydhghc,wydhghct,선학동,인천광역시 연수구 학나래로14번길 3,인천광역시 연수구 선학동  409-5,인천광역시 연수구 학나래로14번길 3 | 인천광역시 연수구 선학동  409-5,1,[2021],fixed,
yeonsu_wydhghcw_001,national_standard,yeonsu,37.42473,126.6965,wydhghc,wydhghcw,선학동,인천광역시 연수구 학나래로 27,인천광역시 연수구 선학동  363,인천광역시 연수구 학나래로 27 | 인천광역시 연수구 선학동  363,2,[2019],fixed,
yeonsu_wydhghy6_001,national_standard,yeonsu,37.424,126.703,wydhghy,wydhghy6,선학동,인천광역시 연수구 선학로68번길 33,인천광역시 연수구 선학동  355-4,인천광역시 연수구 선학로68번길 33 | 인천광역시 연수구 선학동  355-4,2,[2018],fixed,
yeonsu_wydhgj1e_001,national_standard,yeonsu,37.42556,126.6966,wydhgj1,wydhgj1e,선학동,인천광역시 연수구 학나래로46번길 3,인천광역시 연수구 선학동  382-2,인천광역시 연수구 학나래로46번길 3 | 인천광역시 연수구 선학동  382-2,1,[2018],fixed,
yeonsu_wydhgj1f_001,national_standard,yeonsu,37.4254,126.697,wydhgj1,wydhgj1f,선학동,인천광역시 연수구 학나래로22번길,인천광역시 연수구 선학동 405-10,인천광역시 연수구 학나래로22번길 | 인천광역시 연수구 선학동 405-10,1,[2020],fixed,
yeonsu_wydhgj1z_001,national_standard,yeonsu,37.42614,126.697,wydhgj1,wydhgj1z,선학동,인천광역시 연수구 경원대로467번길 32,인천광역시 연수구 선학동  403-38,인천광역시 연수구 경원대로467번길 32 | 인천광역시 연수구 선학동  403-38,1,[2018],fixed,
yeonsu_wydhgj38_001,national_standard,yeonsu,37.42635,126.6964,wydhgj3,wydhgj38,선학동,인천광역시 연수구 경원대로467번길38,인천광역시 연수구 선학동 403-15,인천광역시 연수구 경원대로467번길38 | 인천광역시 연수구 선학동 403-15,1,[2020],fixed,
yeonsu_wydhgj46_001,national_standard,yeonsu,37.4254,126.6975,wydhgj4,wydhgj46,선학동,인천광역시 연수구 학나래로46번길 15,인천광역시 연수구 선학동  405-11,인천광역시 연수구 학나래로46번길 15 | 인천광역시 연수구 선학동  405-11,2,[2021],fixed,
yeonsu_wydhgj4t_001,national_standard,yeonsu,37.42595,126.6981,wydhgj4,wydhgj4t,선학동,인천광역시 연수구 경원대로467번길 3,인천광역시 연수구 선학동  407,인천광역시 연수구 경원대로467번길 3 | 인천광역시 연수구 선학동  407,1,[2017],fixed,
yeonsu_wydhgj66_001,national_standard,yeonsu,37.42677,126.6976,wydhgj6,wydhgj66,선학동,인천광역시 연수구 경원대로483번길 15-16,인천광역시 연수구 선학동  403-11,인천광역시 연수구 경원대로483번길 15-16 | 인천광역시 연수구 선학동  403-11,2,[2023],fixed,
yeonsu_wydhgj6m_001,national_standard,yeonsu,37.4272,126.6975,wydhgj6,wydhgj6m,선학동,인천광역시 연수구 경원대로483번길 15-14,인천광역시 연수구 선학동  403-3,인천광역시 연수구 경원대로483번길 15-14 | 인천광역시 연수구 선학동  403-3 | 인천광역시 연수구 경원대로483번길 15-8 | 인천광역시 연수구 선학동  403-3,2,"[2017, 2021]",fixed,
yeonsu_wydhgj9e_001,national_standard,yeonsu,37.42822,126.6966,wydhgj9,wydhgj9e,선학동,인천광역시 연수구 경원대로483번길 40,인천광역시 연수구 선학동  398-3,인천광역시 연수구 경원대로483번길 40 | 인천광역시 연수구 선학동  398-3,2,"[2017, 2018]",fixed,
yeonsu_wydhgj9p_001,national_standard,yeonsu,37.42899,126.6959,wydhgj9,wydhgj9p,선학동,인천광역시 연수구 넘말로47번길 15,인천광역시 연수구 선학동  393-2,인천광역시 연수구 넘말로47번길 15 | 인천광역시 연수구 선학동  393-2,2,[2022],fixed,
yeonsu_wydhgj9q_001,national_standard,yeonsu,37.4288,126.6962,wydhgj9,wydhgj9q,선학동,인천광역시 연수구 넘말로29번길 38-16,인천광역시 연수구 선학동 394-13,인천광역시 연수구 넘말로29번길 38-16 | 인천광역시 연수구 선학동 394-13,1,[2020],fixed,
yeonsu_wydhgjb8_001,national_standard,yeonsu,37.42911,126.6953,wydhgjb,wydhgjb8,선학동,인천광역시 연수구 넘말로79번길 55-11,인천광역시 연수구 선학동  387-4,인천광역시 연수구 넘말로79번길 55-11 | 인천광역시 연수구 선학동  387-4 | 인천광역시 연수구 선학동  387-4,3,"[2018, 2022]",fixed,
yeonsu_wydhgjbq_001,national_standard,yeonsu,37.43023,126.6949,wydhgjb,wydhgjbq,선학동,,인천광역시 연수구 선학동  329-23,인천광역시 연수구 선학동  329-23,1,[2019],fixed,
yeonsu_wydhgjcv_001,national_standard,yeonsu,37.42999,126.6969,wydhgjc,wydhgjcv,선학동,인천광역시 연수구 넘말로 48,인천광역시 연수구 선학동  202-4,인천광역시 연수구 넘말로 48 | 인천광역시 연수구 선학동  202-4,1,[2017],fixed,
yeonsu_wydhgjd1_001,national_standard,yeonsu,37.42792,126.6971,wydhgjd,wydhgjd1,선학동,인천광역시 연수구 경원대로483번길29,인천광역시 연수구 선학동 397-3,인천광역시 연수구 경원대로483번길29 | 인천광역시 연수구 선학동 397-3 | 인천광역시 연수구 선학동  397-3,2,"[2020, 2022]",fixed,
yeonsu_wydhgjd2_001,national_standard,yeonsu,37.4277,126.6976,wydhgjd,wydhgjd2,선학동,인천광역시 연수구 학나래로 97,인천광역시 연수구 선학동 397-4,인천광역시 연수구 학나래로 97 | 인천광역시 연수구 선학동 397-4,1,[2020],fixed,
yeonsu_wydhgjd7_001,national_standard,yeonsu,37.42828,126.6975,wydhgjd,wydhgjd7,선학동,인천광역시 연수구 학나래로109번길15,인천광역시 연수구 선학동 398-4,인천광역시 연수구 학나래로109번길15 | 인천광역시 연수구 선학동 398-4,1,[2020],fixed,
yeonsu_wydhgjds_001,national_standard,yeonsu,37.42837,126.6981,wydhgjd,wydhgjds,선학동,인천광역시 연수구 학나래로117번길,인천광역시 연수구 선학동  401-1,인천광역시 연수구 학나래로117번길 | 인천광역시 연수구 선학동  401-1 | 인천광역시 연수구 학나래로118번길 9 | 인천광역시 연수구 선학동  401-1,2,"[2020, 2022]",fixed,
yeonsu_wydhgjdv_001,national_standard,yeonsu,37.42861,126.6983,wydhgjd,wydhgjdv,선학동,,인천광역시 연수구 선학동  401,인천광역시 연수구 선학동  401,2,[2020],fixed,
yeonsu_wydhgjf0_001,national_standard,yeonsu,37.42919,126.6974,wydhgjf,wydhgjf0,선학동,인천광역시 연수구 넘말로27,인천광역시 연수구 선학동 400,인천광역시 연수구 넘말로27 | 인천광역시 연수구 선학동 400 | 인천광역시 연수구 선학동  400,2,"[2020, 2023]",fixed,
yeonsu_wydhgjf8_001,national_standard,yeonsu,37.42907,126.6981,wydhgjf,wydhgjf8,선학동,인천광역시 연수구 넘말로 8,인천광역시 연수구 선학동  211-6,인천광역시 연수구 넘말로 8 | 인천광역시 연수구 선학동  211-6,1,[2021],fixed,
yeonsu_wydhgjjr_001,national_standard,yeonsu,37.42618,126.7018,wydhgjj,wydhgjjr,선학동,인천광역시 연수구 선학로 90,인천광역시 연수구 선학동  353,인천광역시 연수구 선학로 90 | 인천광역시 연수구 선학동  353,2,"[2017, 2018]",fixed,
yeonsu_wydhgn16_001,national_standard,yeonsu,37.43077,126.6962,wydhgn1,wydhgn16,선학동,인천광역시 연수구 넘말로55번길 6-12,인천광역시 연수구 선학동  386-4,인천광역시 연수구 넘말로55번길 6-12 | 인천광역시 연수구 선학동  386-4,1,[2019],fixed,
yeonsu_wydhgnvr_001,national_standard,yeonsu,37.43587,126.7017,wydhgnv,wydhgnvr,선학동,인천광역시 연수구 예술로22번길 54,인천광역시 연수구 선학동  96-16,인천광역시 연수구 예술로22번길 54 | 인천광역시 연수구 선학동  96-16,2,[2021],fixed,
yeonsu_wydhgnxn_001,national_standard,yeonsu,37.43429,126.704,wydhgnx,wydhgnxn,선학동,인천광역시 연수구 예술로20번길 97,인천광역시 연수구 선학동  96-1,인천광역시 연수구 예술로20번길 97 | 인천광역시 연수구 선학동  96-1,2,[2022],fixed,
yeonsu_wydhgph2_001,national_standard,yeonsu,37.43606,126.7002,wydhgph,wydhgph2,선학동,인천광역시 연수구 예술로22번길 32,인천광역시 연수구 선학동 99-1,인천광역시 연수구 예술로22번길 32 | 인천광역시 연수구 선학동 99-1,1,[2020],fixed,
